Date,Time,Location,Latitude,Longitude,Nitrogen (mg/kg),Phosphorus (mg/kg),Potassium (mg/kg),pH,EC (dS/m),Soil_Moisture (%),Temperature (Â°C),Humidity (%),Organic_Matter (%)
2025-11-01,12:51,Field_029,22.97719,88.36923,132.1,42.1,136.7,6.63,0.42,29.5,25.6,71.6,2.6
2025-11-01,08:36,Field_007,23.02435,88.36999,217.9,27.3,117.8,6.59,0.53,28.8,28.0,67.7,2.7
2025-11-01,20:52,Field_024,22.88267,88.35597,134.8,26.1,160.4,7.36,0.68,36.5,27.0,63.8,1.6
2025-11-01,19:02,Field_001,22.94621,88.35331,211.4,20.1,151.7,6.45,0.51,31.6,32.8,87.9,2.8
2025-11-01,15:44,Field_006,22.87588,88.38856,218.5,23.3,112.9,6.86,0.66,30.5,32.2,56.9,2.0
2025-11-01,22:48,Field_012,22.87707,88.39907,113.1,16.4,105.3,7.04,0.49,28.0,28.0,74.8,2.3
2025-11-01,11:23,Field_005,23.02026,88.46962,144.8,25.6,122.7,7.37,0.81,37.2,28.0,66.3,2.9
2025-11-01,21:25,Field_048,22.97781,88.46819,281.6,22.4,132.8,6.42,0.73,39.8,23.7,76.2,3.2
2025-11-01,06:13,Field_021,22.92687,88.34438,214.7,32.7,154.6,6.25,0.89,32.9,30.7,55.0,2.5
2025-11-01,09:34,Field_049,22.87146,88.31084,170.3,27.6,157.7,6.95,0.6,44.7,35.7,60.5,2.1
2025-11-01,22:39,Field_033,22.97093,88.36359,107.9,28.7,85.7,6.8,0.44,33.2,25.2,68.7,1.6
2025-11-01,17:43,Field_005,22.92445,88.46052,174.0,22.0,94.8,6.69,0.61,24.2,18.0,61.4,3.0
2025-11-01,10:21,Field_029,22.87403,88.37579,230.7,19.3,155.5,7.31,0.41,31.6,11.8,59.8,2.3
2025-11-01,10:44,Field_004,22.95051,88.42839,185.9,34.4,158.6,7.3,0.82,33.4,26.6,74.5,3.2
2025-11-01,22:25,Field_008,23.02775,88.35094,130.5,18.4,208.3,6.98,0.63,30.9,27.5,64.9,2.5
2025-11-01,10:11,Field_049,22.96145,88.45722,214.3,20.0,93.0,6.87,1.04,22.7,23.8,73.9,2.4
2025-11-01,21:56,Field_039,22.94939,88.35514,183.0,19.6,174.1,6.94,0.43,30.1,30.1,64.4,2.0
2025-11-01,17:53,Field_039,22.93933,88.44288,173.6,24.8,104.9,6.99,0.51,33.9,23.9,75.2,3.4
2025-11-01,20:40,Field_049,22.9284,88.493,228.0,39.5,136.1,7.39,0.33,36.7,27.2,56.4,3.1
2025-11-01,18:04,Field_033,22.94339,88.3946,241.1,20.1,190.3,7.1,0.73,33.3,25.6,86.4,2.6
2025-11-01,18:12,Field_004,22.98558,88.34377,118.6,35.2,151.6,6.7,0.78,32.7,33.9,70.7,3.7
2025-11-01,20:26,Field_034,22.86206,88.41001,93.2,21.1,186.7,7.39,0.6,31.9,32.0,67.2,1.5
2025-11-01,08:31,Field_003,22.97339,88.40075,125.4,29.0,122.4,7.42,0.51,31.5,36.4,93.8,3.0
2025-11-01,21:16,Field_026,22.95208,88.40891,181.4,31.4,142.4,7.31,0.43,42.7,29.3,74.0,2.0
2025-11-01,22:38,Field_022,22.91134,88.38246,188.7,32.3,176.9,7.26,0.42,32.0,39.9,80.1,2.2
2025-11-01,06:52,Field_022,22.95637,88.36915,129.6,34.5,138.6,7.07,0.69,31.9,30.3,78.2,2.8
2025-11-01,06:25,Field_014,22.98193,88.31692,177.4,15.3,117.2,7.02,0.42,29.7,33.0,64.2,3.0
2025-11-01,14:33,Field_012,22.9198,88.43341,172.4,29.6,157.4,7.31,0.65,29.3,30.3,76.5,1.7
2025-11-01,06:22,Field_015,22.85695,88.44985,207.5,6.3,59.9,7.57,0.73,26.7,23.6,75.1,2.5
2025-11-01,15:32,Field_038,23.04205,88.28776,207.0,43.1,107.3,8.27,0.58,16.6,26.1,83.3,3.7
2025-11-01,13:17,Field_025,22.99339,88.35317,145.0,26.6,118.9,7.52,0.46,29.0,30.1,66.1,1.8
2025-11-01,16:37,Field_002,22.96231,88.32221,68.6,26.3,167.1,7.19,0.32,38.2,24.5,60.9,2.1
2025-11-01,12:00,Field_032,22.9507,88.39879,187.9,23.8,119.9,6.78,0.55,28.7,24.4,71.1,2.3
2025-11-01,19:33,Field_033,22.91111,88.44678,230.9,30.8,100.5,6.79,0.62,24.7,31.6,67.6,2.3
2025-11-01,12:09,Field_007,22.98444,88.42334,234.7,32.7,148.0,7.3,0.7,29.0,26.4,69.0,2.2
2025-11-01,22:49,Field_017,22.96668,88.41539,111.6,14.2,166.0,7.07,0.52,32.1,29.7,64.6,2.0
2025-11-01,17:44,Field_007,23.00931,88.41286,236.2,21.0,75.1,6.6,0.57,30.7,32.1,68.8,2.9
2025-11-01,18:42,Field_034,22.96163,88.37599,271.9,14.9,93.5,7.66,0.44,26.3,39.5,79.9,2.1
2025-11-01,17:14,Field_026,22.95725,88.38088,184.1,20.7,71.7,6.89,0.6,28.5,27.0,68.5,3.3
2025-11-01,16:39,Field_026,22.94749,88.38695,185.4,28.3,72.5,6.74,0.71,37.2,29.4,56.5,2.9
2025-11-01,20:56,Field_010,22.93668,88.36677,249.5,26.3,139.7,6.95,0.67,29.3,31.3,86.1,2.8
2025-11-01,18:45,Field_010,22.91703,88.39359,160.0,28.7,157.8,6.5,0.64,47.0,30.3,53.0,2.6
2025-11-01,08:24,Field_034,22.96429,88.41672,206.3,41.1,133.8,6.68,0.34,27.6,27.8,87.9,2.2
2025-11-01,18:32,Field_006,23.04234,88.45508,182.5,19.9,123.4,6.81,0.41,33.9,24.9,71.9,2.4
2025-11-01,18:45,Field_027,22.95123,88.4045,210.1,14.2,192.3,7.09,0.59,29.6,30.7,70.5,3.2
2025-11-01,19:46,Field_029,22.99825,88.50102,150.4,11.4,188.4,7.45,0.48,31.3,21.9,70.9,3.2
2025-11-01,11:14,Field_034,22.88742,88.47219,176.7,33.9,152.0,7.18,0.64,34.7,31.2,83.3,2.6
2025-11-01,07:23,Field_008,22.91595,88.37769,104.4,21.4,55.2,6.37,0.66,36.7,30.1,60.3,2.5
2025-11-01,06:40,Field_013,22.88073,88.34463,216.8,29.4,143.6,6.89,0.58,37.3,35.4,85.2,2.7
2025-11-01,08:40,Field_042,23.00861,88.48428,161.6,38.9,177.6,7.95,0.49,29.9,17.9,75.7,2.7
2025-11-01,20:32,Field_007,23.00455,88.39446,217.3,32.0,74.7,6.64,0.32,44.0,27.5,87.8,1.5
2025-11-01,21:29,Field_023,22.91572,88.33072,237.8,4.1,153.2,6.96,0.44,30.8,23.8,85.4,3.6
2025-11-01,17:55,Field_036,22.94765,88.42385,183.1,14.7,174.9,6.8,0.32,29.4,35.5,78.5,2.3
2025-11-01,19:01,Field_009,22.94018,88.43638,182.1,30.9,137.2,7.03,0.25,37.5,29.7,80.0,0.8
2025-11-01,10:46,Field_022,22.99026,88.33905,177.9,26.6,146.4,7.07,0.49,33.7,31.1,71.4,2.8
2025-11-01,16:03,Field_034,22.92462,88.31576,142.7,33.4,159.9,7.29,0.65,39.7,26.7,71.2,1.9
2025-11-01,16:34,Field_008,23.00448,88.4767,90.0,19.5,142.1,7.45,0.48,31.9,22.2,54.7,3.4
2025-11-01,07:13,Field_004,22.97765,88.35647,140.6,32.8,118.4,6.24,0.61,41.1,31.9,64.0,1.5
2025-11-01,15:55,Field_036,22.90887,88.39248,161.5,34.2,104.9,7.03,0.93,34.5,30.9,81.6,2.2
2025-11-01,09:09,Field_033,22.99461,88.34289,170.0,29.0,127.4,7.99,0.27,28.7,23.3,63.0,2.1
2025-11-01,15:53,Field_039,23.00213,88.37401,114.0,33.4,145.9,7.1,0.67,24.1,19.8,85.8,1.6
2025-11-01,08:53,Field_044,22.87217,88.34137,130.7,30.6,208.1,6.9,0.81,32.6,24.6,60.1,2.9
2025-11-01,13:53,Field_005,22.99327,88.4382,210.9,15.8,131.7,6.84,0.61,34.0,28.8,94.7,2.3
2025-11-01,11:34,Field_022,22.94519,88.41257,179.9,21.9,156.2,6.82,0.72,35.4,31.0,64.9,2.4
2025-11-01,06:35,Field_031,23.07324,88.38499,154.0,29.2,51.6,7.03,0.49,26.0,30.5,70.5,1.4
2025-11-01,10:18,Field_034,22.97086,88.36557,177.5,20.5,125.6,6.85,0.44,33.8,24.9,70.2,2.1
2025-11-01,08:06,Field_027,23.01039,88.38417,215.1,31.1,139.0,6.93,0.49,31.9,32.3,62.0,2.6
2025-11-01,13:34,Field_041,22.90685,88.4506,192.8,29.0,135.9,7.19,0.57,34.0,27.2,78.1,2.1
2025-11-01,10:31,Field_044,23.05067,88.40683,165.4,26.5,92.9,6.61,0.73,28.1,22.8,75.4,3.2
2025-11-01,14:24,Field_010,22.97781,88.36782,217.1,25.5,149.4,7.61,0.63,35.2,33.4,66.4,2.0
2025-11-01,08:57,Field_032,22.98731,88.38199,192.1,11.7,96.6,7.24,0.36,33.4,27.3,66.4,2.0
2025-11-01,10:32,Field_003,22.86137,88.42828,109.6,31.0,153.3,7.52,0.65,31.2,21.9,67.9,2.0
2025-11-01,09:21,Field_042,22.91076,88.43241,175.2,28.4,108.9,6.83,0.66,29.8,36.6,66.0,2.6
2025-11-01,21:57,Field_004,22.95923,88.399,153.3,37.8,194.7,6.6,0.61,38.4,32.2,70.8,3.3
2025-11-01,18:32,Field_017,22.94684,88.51354,201.8,17.5,150.6,6.45,0.66,42.1,36.4,77.3,2.1
2025-11-01,09:05,Field_041,22.9573,88.41774,136.1,28.2,119.9,7.14,0.57,26.1,23.5,73.6,2.4
2025-11-01,06:26,Field_007,22.94246,88.38815,194.1,38.5,180.6,6.85,0.63,39.5,30.0,70.0,2.8
2025-11-01,07:27,Field_043,23.04574,88.40882,165.3,18.4,143.0,6.57,0.11,34.6,32.5,46.4,1.9
2025-11-01,09:45,Field_022,22.9013,88.42297,243.3,28.0,204.0,7.81,0.51,27.8,24.2,54.8,2.2
2025-11-01,14:35,Field_037,22.91353,88.45941,201.5,31.1,133.3,6.51,0.57,37.9,31.3,78.3,2.2
2025-11-01,11:45,Field_019,22.95958,88.41206,200.9,25.0,149.3,6.98,0.72,40.6,22.1,67.4,2.5
2025-11-01,17:56,Field_011,22.96754,88.41384,209.3,16.1,110.6,7.05,0.57,22.3,28.8,64.0,3.5
2025-11-01,20:26,Field_035,22.93412,88.36623,198.8,16.9,132.2,6.76,0.5,34.6,25.0,68.1,2.2
2025-11-01,19:35,Field_008,22.8786,88.38809,139.5,24.2,189.4,6.98,0.5,34.3,24.5,78.4,2.8
2025-11-01,09:39,Field_017,22.85574,88.38519,115.7,31.2,176.8,6.65,0.61,37.4,32.5,72.1,2.9
2025-11-01,22:33,Field_024,22.9821,88.3741,189.6,24.4,170.6,6.84,0.42,29.9,26.2,69.2,2.9
2025-11-01,14:00,Field_008,22.91887,88.40973,150.3,14.4,118.6,6.99,0.49,27.8,21.0,69.2,1.6
2025-11-01,14:08,Field_024,22.95575,88.41066,149.9,22.4,112.1,7.43,0.55,43.4,27.7,62.9,1.6
2025-11-01,18:46,Field_023,22.99093,88.33975,203.5,33.7,146.8,6.67,0.69,32.7,19.6,61.0,2.2
2025-11-01,07:28,Field_038,22.89626,88.42794,216.7,5.4,194.5,6.93,0.43,31.0,20.6,80.5,2.3
2025-11-01,17:14,Field_041,22.85903,88.36534,106.6,34.4,195.5,7.31,0.4,40.9,26.7,57.9,1.9
2025-11-01,10:07,Field_034,22.89083,88.41359,226.3,17.5,145.0,6.55,0.56,31.3,27.2,68.5,2.9
2025-11-01,08:22,Field_006,23.00866,88.41848,175.7,28.6,85.0,6.55,0.37,32.9,36.7,92.3,2.9
2025-11-01,08:12,Field_047,22.9874,88.3739,202.6,30.7,169.9,6.58,0.37,30.9,35.2,63.1,2.8
2025-11-01,14:45,Field_012,22.90453,88.40144,177.9,38.1,137.1,6.23,0.95,37.7,38.4,58.4,2.4
2025-11-01,14:07,Field_045,23.01952,88.45829,171.8,23.9,175.1,7.93,0.58,43.7,26.8,79.5,3.2
2025-11-01,12:02,Field_001,23.01046,88.32802,187.2,26.2,118.3,7.13,0.78,27.8,32.8,58.7,3.8
2025-11-01,20:30,Field_034,22.91222,88.44365,154.8,23.8,164.5,6.89,0.65,22.8,27.3,70.8,2.5
2025-11-01,13:53,Field_020,22.89473,88.43911,213.7,29.5,148.3,7.55,0.38,32.4,24.3,78.9,1.4
2025-11-01,16:56,Field_001,23.00628,88.40925,137.9,26.7,177.1,6.25,0.37,33.1,30.3,77.4,2.6
2025-11-01,09:46,Field_025,22.91912,88.3842,204.6,34.6,135.1,6.82,0.55,35.6,20.8,47.0,2.2
2025-11-01,16:53,Field_022,22.89306,88.43352,137.1,12.6,168.6,7.15,0.41,26.8,33.6,58.1,3.5
2025-11-01,17:46,Field_010,22.93857,88.35028,77.5,23.5,224.4,7.31,0.55,30.4,28.1,75.5,1.8
2025-11-01,06:54,Field_007,22.92132,88.33804,121.3,26.3,141.8,7.07,0.59,30.7,35.4,54.0,2.0
2025-11-01,17:06,Field_042,22.89314,88.35303,180.9,28.0,179.3,7.21,0.53,34.5,29.5,87.5,2.6
2025-11-01,19:04,Field_006,22.91072,88.44208,155.3,42.5,73.7,6.77,0.54,30.8,21.8,74.5,2.7
2025-11-01,09:43,Field_029,22.95133,88.4286,176.6,15.1,106.3,7.33,0.76,39.1,29.2,58.0,2.5
2025-11-01,10:26,Field_029,22.98571,88.50499,170.1,22.1,117.3,7.3,0.52,28.1,34.6,84.2,2.1
2025-11-01,18:19,Field_023,22.87369,88.40163,188.6,23.5,86.1,7.79,0.63,47.8,24.0,79.6,3.0
2025-11-01,12:45,Field_028,22.89869,88.33094,235.4,30.4,127.2,6.64,0.54,37.4,31.7,80.6,2.2
2025-11-01,11:36,Field_010,22.92089,88.3706,178.9,23.2,119.2,6.61,0.67,40.0,35.4,65.2,3.0
2025-11-01,13:48,Field_016,23.02845,88.40427,147.7,18.4,158.3,7.17,0.76,35.9,20.5,80.5,1.9
2025-11-01,12:58,Field_006,22.9615,88.42489,206.6,28.4,169.4,6.75,0.47,25.4,30.2,77.8,2.8
2025-11-01,08:39,Field_014,22.94642,88.32411,165.7,32.1,160.1,7.2,0.56,32.0,24.7,77.0,2.8
2025-11-01,10:07,Field_007,22.97131,88.39084,126.2,30.5,126.3,6.83,0.54,30.6,26.2,57.2,2.4
2025-11-01,20:38,Field_004,22.96059,88.37205,193.6,30.4,163.1,7.17,0.52,34.4,27.8,71.1,1.9
2025-11-01,07:24,Field_035,22.90391,88.3498,188.3,25.6,114.7,7.07,0.47,30.4,36.4,83.4,1.7
2025-11-01,06:18,Field_026,22.96357,88.50777,140.9,13.4,190.1,7.06,0.47,35.7,27.2,77.0,2.5
2025-11-01,08:51,Field_021,22.94343,88.4413,162.5,12.1,201.2,7.55,0.36,36.1,25.5,72.6,2.7
2025-11-01,16:15,Field_018,23.02436,88.32609,134.7,22.8,171.2,6.27,0.54,29.2,34.6,53.2,2.6
2025-11-01,11:57,Field_040,23.04963,88.36167,158.0,31.9,126.5,6.98,0.55,20.5,27.9,63.1,2.2
2025-11-01,08:03,Field_005,22.99841,88.49348,100.6,31.9,109.7,6.8,0.64,35.4,31.0,56.1,3.4
2025-11-01,17:22,Field_016,22.93053,88.47955,135.9,27.9,105.4,7.21,0.39,36.5,28.6,87.4,2.3
2025-11-01,20:27,Field_024,22.92035,88.45107,263.5,12.3,74.2,7.75,0.61,26.8,30.7,43.6,2.5
2025-11-01,22:06,Field_013,22.99292,88.38827,181.5,13.4,129.5,6.98,0.94,25.3,35.3,80.0,2.7
2025-11-01,07:40,Field_045,22.93985,88.3837,179.6,39.1,102.4,6.46,0.54,36.0,30.3,73.6,2.5
2025-11-01,16:57,Field_031,22.98258,88.34312,171.9,24.9,161.0,7.27,0.44,32.5,30.3,84.6,2.9
2025-11-01,11:28,Field_017,22.92603,88.43196,121.4,36.8,127.5,7.05,0.72,27.2,33.3,86.4,2.1
2025-11-01,17:50,Field_026,22.97828,88.39696,242.0,7.7,216.6,7.21,0.43,36.4,34.5,71.1,1.4
2025-11-01,10:21,Field_006,22.92463,88.44677,171.8,28.6,178.9,7.15,0.62,23.9,26.4,87.3,2.6
2025-11-01,08:44,Field_027,22.89917,88.3878,178.4,23.9,151.7,7.57,0.71,24.1,31.1,83.3,2.7
2025-11-01,15:42,Field_025,23.02817,88.42499,124.0,27.9,66.5,7.25,0.68,28.4,28.6,89.5,2.2
2025-11-01,12:03,Field_001,22.97814,88.35601,259.5,20.8,128.3,7.14,0.78,37.1,30.1,74.6,2.5
2025-11-01,13:42,Field_022,23.02865,88.38101,187.1,26.3,136.3,6.44,0.65,37.0,36.2,74.4,2.5
2025-11-01,13:14,Field_031,22.92779,88.41647,147.2,9.5,197.3,6.6,0.5,35.9,35.2,72.6,1.8
2025-11-01,15:38,Field_028,22.97927,88.46846,134.5,22.0,151.6,7.35,0.49,20.5,27.2,83.5,2.7
2025-11-01,15:56,Field_042,22.9068,88.33083,158.4,16.3,147.6,7.01,0.39,35.5,35.6,73.6,1.0
2025-11-01,13:12,Field_045,22.91456,88.49521,245.0,42.8,134.4,7.12,0.32,40.9,22.2,72.2,1.8
2025-11-01,19:31,Field_035,23.01191,88.35615,105.9,31.7,144.7,6.33,0.93,35.7,31.4,83.7,2.2
2025-11-01,20:58,Field_013,22.97874,88.28809,95.2,20.1,156.0,5.9,0.48,28.8,34.9,66.1,2.7
2025-11-01,20:00,Field_044,22.94772,88.37879,157.2,27.6,86.9,7.3,0.49,25.2,25.7,82.6,2.2
2025-11-01,14:48,Field_035,23.01479,88.31633,153.7,15.1,104.9,7.05,0.49,42.2,33.4,63.9,1.9
2025-11-01,22:40,Field_036,22.89558,88.33603,175.7,18.6,111.3,6.5,0.48,25.1,22.5,73.0,2.5
2025-11-01,10:02,Field_027,22.95833,88.43177,135.3,11.3,85.6,6.89,0.64,25.4,32.6,65.0,2.2
2025-11-01,19:24,Field_021,22.85972,88.46869,163.6,24.0,108.1,7.08,0.56,38.5,24.3,86.6,2.9
2025-11-01,10:08,Field_048,22.90819,88.43484,219.6,32.9,151.1,7.17,0.5,36.1,32.0,54.3,2.7
2025-11-01,15:53,Field_042,22.97148,88.42167,93.4,22.4,180.4,6.79,0.39,28.2,27.7,61.5,3.2
2025-11-01,11:04,Field_022,22.94066,88.3929,149.6,30.1,145.2,6.56,0.43,39.1,35.7,75.4,2.4
2025-11-01,21:43,Field_040,22.91816,88.30711,243.8,22.1,221.7,7.78,0.41,27.8,30.3,52.5,2.2
2025-11-01,12:41,Field_016,22.91804,88.47322,157.5,40.9,152.3,7.65,0.47,30.2,29.4,71.5,3.3
2025-11-01,10:09,Field_020,22.9669,88.38748,230.0,26.8,175.1,7.43,0.38,27.6,30.3,66.3,2.4
2025-11-01,14:22,Field_010,22.91877,88.33534,202.9,28.6,74.6,6.54,0.51,30.2,22.0,73.9,2.7
2025-11-01,17:56,Field_042,22.94209,88.39871,197.4,30.4,101.5,6.68,0.4,40.5,27.4,70.2,2.5
2025-11-01,09:20,Field_008,22.89663,88.30073,155.6,30.4,112.9,7.0,0.45,20.4,24.6,76.7,1.1
2025-11-01,21:17,Field_005,22.96569,88.46053,223.2,20.4,94.7,6.51,0.44,29.8,29.5,62.0,2.7
2025-11-01,07:58,Field_010,22.91486,88.3082,148.6,34.2,147.3,7.37,0.63,40.8,29.5,76.6,2.1
2025-11-01,11:27,Field_025,22.94861,88.38143,173.6,28.2,183.4,7.52,0.66,24.4,26.2,67.3,2.1
2025-11-01,09:23,Field_027,23.00533,88.45834,200.4,35.0,125.3,6.53,0.6,31.7,27.0,82.2,2.6
2025-11-01,18:58,Field_016,22.98263,88.34312,228.5,38.9,180.8,6.5,0.25,36.3,24.2,72.9,3.4
2025-11-01,11:24,Field_031,23.0883,88.47091,116.4,13.9,119.2,6.89,0.46,31.8,29.4,80.7,2.6
2025-11-01,08:59,Field_035,22.91054,88.41728,116.9,28.8,128.7,7.53,0.65,38.6,24.2,80.5,3.4
2025-11-01,21:38,Field_012,22.9123,88.36246,178.2,24.4,134.3,7.02,0.66,28.0,20.4,86.9,3.2
2025-11-01,21:56,Field_013,22.98831,88.45052,228.9,15.6,189.9,6.77,0.21,24.9,29.1,60.2,2.4
2025-11-01,11:41,Field_047,22.93803,88.35946,268.7,17.2,61.5,7.63,0.46,30.2,26.2,64.3,2.0
2025-11-01,09:00,Field_007,22.99979,88.41275,106.2,32.4,146.5,7.56,0.57,27.2,27.0,78.0,2.0
2025-11-01,17:11,Field_030,22.90844,88.3304,139.6,29.8,104.4,6.61,0.31,39.6,30.2,45.1,1.9
2025-11-02,17:53,Field_018,22.99204,88.41039,128.3,20.7,118.7,6.97,0.61,34.5,19.1,80.6,2.7
2025-11-02,22:08,Field_045,22.99445,88.42171,197.1,19.5,172.0,7.06,0.73,40.6,20.8,61.4,3.0
2025-11-02,08:47,Field_009,22.97735,88.40344,264.1,29.8,122.9,7.33,0.3,32.7,29.6,71.3,2.3
2025-11-02,21:23,Field_048,22.97537,88.39873,139.2,14.9,157.8,6.63,0.58,38.7,24.7,90.1,1.9
2025-11-02,17:54,Field_028,23.0356,88.31262,197.4,28.8,112.2,7.17,0.74,18.7,30.5,45.1,1.9
2025-11-02,06:20,Field_039,23.04289,88.50479,243.8,30.4,111.6,6.98,0.53,34.0,35.3,78.8,1.9
2025-11-02,22:27,Field_041,22.92223,88.35132,213.4,23.6,129.0,6.92,0.45,30.1,29.0,59.7,2.0
2025-11-02,21:53,Field_009,22.99091,88.3365,191.5,18.3,117.7,6.67,0.39,44.7,34.7,89.2,1.8
2025-11-02,09:16,Field_016,22.98311,88.30356,219.6,35.1,146.2,7.06,0.42,36.0,29.7,60.8,2.3
2025-11-02,12:39,Field_039,22.95993,88.38987,150.4,31.9,130.1,6.93,0.52,29.6,27.2,89.3,1.9
2025-11-02,14:03,Field_015,22.97108,88.41334,166.4,28.0,135.7,7.18,0.48,30.9,23.1,69.6,2.0
2025-11-02,11:28,Field_025,22.90872,88.40765,163.9,19.0,112.4,6.84,0.52,27.0,27.5,59.1,3.0
2025-11-02,12:26,Field_001,23.00959,88.39581,135.2,21.9,146.3,7.49,0.64,26.9,40.4,72.6,3.3
2025-11-02,19:49,Field_015,22.96663,88.38981,156.7,21.9,158.3,7.39,0.77,32.4,29.7,71.9,1.5
2025-11-02,07:16,Field_037,22.99978,88.48516,114.5,10.7,118.2,7.23,0.62,38.4,22.0,46.8,3.0
2025-11-02,07:08,Field_043,22.8826,88.36427,200.9,27.6,145.9,6.6,0.52,18.9,28.9,84.3,1.6
2025-11-02,20:17,Field_023,22.94525,88.40174,158.1,25.3,119.5,7.4,0.3,34.9,29.7,72.5,3.1
2025-11-02,08:29,Field_029,22.94445,88.29622,176.6,23.8,128.6,6.58,0.37,34.8,25.2,73.2,2.0
2025-11-02,06:35,Field_010,22.93292,88.40009,183.5,44.9,128.1,7.63,0.8,36.5,26.8,56.4,2.8
2025-11-02,06:14,Field_036,22.90879,88.38012,132.6,21.8,149.4,6.98,0.58,28.0,33.9,58.2,2.8
2025-11-02,07:29,Field_036,22.8715,88.41579,198.4,24.4,167.4,7.77,0.57,36.2,36.0,71.6,2.0
2025-11-02,06:10,Field_010,22.94261,88.35803,234.2,13.6,147.8,6.38,0.59,30.1,33.4,77.2,2.1
2025-11-02,15:44,Field_017,22.92649,88.37855,170.2,29.8,186.4,6.74,0.61,31.2,31.1,85.1,2.4
2025-11-02,07:32,Field_042,22.80501,88.30946,199.3,10.6,116.9,7.35,0.65,34.7,34.6,75.6,1.3
2025-11-02,12:40,Field_014,22.87924,88.41093,220.4,18.2,87.5,6.96,0.54,35.3,32.7,69.4,3.6
2025-11-02,19:02,Field_012,22.95861,88.43917,197.7,11.2,114.1,7.01,0.66,24.0,27.9,54.3,3.1
2025-11-02,10:22,Field_037,22.95776,88.30828,207.2,29.0,154.4,7.08,0.42,38.5,32.5,59.2,3.3
2025-11-02,07:11,Field_017,22.99446,88.35828,203.3,23.8,67.9,6.37,0.45,34.5,24.7,64.1,3.0
2025-11-02,14:00,Field_026,22.84611,88.38399,245.7,27.9,109.8,6.99,0.55,34.8,21.2,75.9,0.9
2025-11-02,07:17,Field_047,22.92104,88.37412,176.5,42.4,90.2,6.26,0.67,27.9,26.4,62.2,2.3
2025-11-02,06:11,Field_024,22.90249,88.39007,187.3,14.8,102.8,6.72,0.41,32.2,29.8,72.2,2.6
2025-11-02,18:40,Field_046,22.95831,88.35042,154.7,26.5,150.4,6.52,0.71,35.4,24.5,54.6,2.4
2025-11-02,09:39,Field_016,22.92066,88.44972,77.7,26.1,187.2,7.6,0.52,24.0,34.8,69.5,2.4
2025-11-02,15:11,Field_004,22.92197,88.34971,111.6,30.2,93.8,7.39,0.61,33.8,36.3,57.1,3.0
2025-11-02,06:38,Field_032,22.89209,88.31592,184.8,19.9,199.0,7.4,0.8,27.9,28.7,43.8,2.3
2025-11-02,20:26,Field_004,22.96844,88.39247,192.9,38.0,134.6,7.32,0.61,35.8,29.9,64.5,2.2
2025-11-02,18:43,Field_007,23.00708,88.37789,179.3,23.4,126.5,6.94,0.31,30.0,34.7,60.4,1.9
2025-11-02,09:49,Field_033,22.98623,88.4126,144.3,36.1,151.4,7.36,0.55,31.6,35.5,79.7,2.6
2025-11-02,08:40,Field_040,22.93974,88.34134,111.8,25.6,119.7,6.9,0.53,34.6,32.2,71.5,2.3
2025-11-02,11:24,Field_005,22.93323,88.39618,174.1,22.5,119.0,7.11,0.45,33.1,17.5,64.0,3.2
2025-11-02,21:45,Field_032,23.00377,88.41053,188.4,16.3,148.2,7.41,0.42,40.5,27.5,61.1,3.1
2025-11-02,11:54,Field_004,22.99647,88.38637,189.7,25.6,145.9,7.61,0.56,45.3,29.8,65.5,3.3
2025-11-02,08:02,Field_022,22.91218,88.41759,178.8,18.9,114.9,6.67,0.4,37.6,32.0,79.4,2.5
2025-11-02,18:03,Field_046,22.8682,88.37953,220.2,16.0,179.5,7.06,0.5,31.9,27.5,82.2,1.9
2025-11-02,17:12,Field_010,22.97365,88.36772,113.6,29.0,67.8,6.87,0.69,33.2,37.7,80.3,2.1
2025-11-02,12:38,Field_017,22.86636,88.33831,173.4,32.4,87.6,7.24,0.51,26.2,38.1,70.0,2.2
2025-11-02,21:43,Field_018,22.93595,88.3901,165.8,46.1,212.2,7.12,0.61,30.6,22.8,68.2,3.0
2025-11-02,21:30,Field_019,22.974,88.35487,217.9,13.8,182.8,7.13,0.53,36.6,30.6,83.3,3.3
2025-11-02,10:08,Field_002,23.024,88.39053,207.0,23.7,162.4,6.9,0.64,36.4,22.7,81.0,2.4
2025-11-02,11:45,Field_025,22.95198,88.38297,200.0,14.1,147.8,7.22,0.65,20.4,24.2,61.2,2.6
2025-11-02,06:56,Field_009,22.94688,88.42455,208.3,21.0,174.3,7.45,0.6,36.0,32.9,59.0,3.1
2025-11-02,07:11,Field_022,22.91506,88.43189,198.0,32.2,92.1,7.08,0.54,32.5,25.7,75.2,2.0
2025-11-02,21:39,Field_016,22.90901,88.44217,186.9,32.3,175.9,6.82,0.68,31.9,27.2,82.5,2.8
2025-11-02,08:47,Field_030,23.04013,88.3911,143.5,21.7,152.0,7.14,0.42,29.1,33.4,75.0,3.7
2025-11-02,14:30,Field_014,22.89742,88.37372,179.4,23.3,102.8,7.29,0.41,27.6,29.4,73.2,2.1
2025-11-02,19:24,Field_015,22.98061,88.45153,153.9,15.7,176.8,6.64,0.54,36.9,28.8,87.3,2.0
2025-11-02,08:25,Field_030,22.93997,88.35938,199.0,3.9,158.7,7.11,0.74,37.3,24.6,77.6,2.4
2025-11-02,11:42,Field_049,22.96813,88.3892,217.5,38.1,185.9,6.56,0.51,29.9,30.4,76.9,2.0
2025-11-02,15:28,Field_039,22.91854,88.42187,165.5,29.8,138.6,7.07,0.48,25.6,24.3,69.0,3.6
2025-11-02,22:37,Field_002,22.96832,88.48743,164.4,23.1,232.3,6.94,0.34,33.7,27.1,73.7,2.4
2025-11-02,14:14,Field_002,22.93382,88.39596,164.7,32.7,189.5,7.35,0.28,28.1,27.1,51.5,2.0
2025-11-02,21:53,Field_015,22.96943,88.32782,160.7,24.3,148.5,7.38,0.63,30.9,27.0,75.1,3.3
2025-11-02,11:54,Field_044,22.99776,88.39806,155.7,29.7,154.3,7.14,0.56,31.8,39.9,81.8,2.9
2025-11-02,07:56,Field_032,22.92558,88.36761,137.5,26.2,186.2,6.86,0.62,27.5,29.0,82.6,2.9
2025-11-02,21:49,Field_012,22.94362,88.40401,142.9,24.0,141.1,6.95,0.46,33.7,23.4,58.4,2.9
2025-11-02,22:22,Field_043,22.95743,88.40252,205.4,33.6,128.5,5.69,0.43,39.3,27.8,66.6,3.2
2025-11-02,15:23,Field_021,22.96098,88.38447,172.0,15.0,163.3,6.59,0.49,36.0,26.8,65.1,1.8
2025-11-02,11:38,Field_033,22.98671,88.40577,182.3,26.3,167.6,7.53,0.53,26.2,30.8,67.2,3.3
2025-11-02,19:17,Field_037,23.00033,88.46411,164.9,26.2,141.8,7.6,0.43,29.2,23.8,55.5,2.6
2025-11-02,16:36,Field_018,22.93565,88.40236,128.9,43.7,131.7,7.04,0.64,28.2,28.3,63.2,2.7
2025-11-02,08:36,Field_021,22.92329,88.40755,181.8,35.1,230.8,7.46,0.48,29.0,32.3,53.2,2.3
2025-11-02,20:14,Field_011,22.98046,88.35223,194.8,26.0,157.4,6.31,0.57,20.1,27.1,76.6,3.1
2025-11-02,12:38,Field_028,22.95244,88.2888,172.9,25.0,55.5,7.01,0.4,21.0,36.0,59.4,2.1
2025-11-02,13:09,Field_004,22.97972,88.50725,215.8,32.8,156.5,6.85,0.51,30.9,28.9,73.9,2.5
2025-11-02,06:46,Field_006,22.97445,88.37718,241.2,27.9,107.9,7.27,0.71,33.2,30.4,69.3,1.8
2025-11-02,19:21,Field_011,22.92941,88.34684,196.6,26.4,239.5,7.43,0.6,31.8,33.0,60.8,3.2
2025-11-02,20:45,Field_008,22.90613,88.27977,192.5,39.3,82.9,7.02,0.44,35.1,27.1,56.4,1.9
2025-11-02,12:11,Field_007,22.96424,88.40383,159.5,8.2,211.5,7.06,0.61,31.7,24.3,68.1,1.5
2025-11-02,13:31,Field_048,22.96455,88.50021,204.5,38.1,176.5,7.54,0.6,35.1,29.3,70.0,2.9
2025-11-02,13:22,Field_042,22.96017,88.4866,95.3,28.0,187.0,7.04,0.6,29.4,28.1,53.3,2.1
2025-11-02,12:17,Field_015,22.96532,88.40016,152.3,24.6,124.7,6.35,0.43,37.3,35.9,76.5,3.4
2025-11-02,13:32,Field_031,22.95206,88.43817,117.8,25.0,121.8,6.74,0.57,26.4,31.8,77.0,2.7
2025-11-02,11:58,Field_041,22.97001,88.41008,138.8,25.4,102.4,7.03,0.48,47.2,27.8,56.0,2.4
2025-11-02,15:16,Field_029,22.94652,88.38631,179.4,26.2,143.4,7.17,0.68,34.4,30.3,54.2,2.5
2025-11-02,07:40,Field_011,22.94379,88.38943,209.9,27.6,219.7,6.66,0.63,28.8,23.7,69.9,2.6
2025-11-02,22:54,Field_046,22.99868,88.36169,134.9,27.5,95.4,6.83,0.4,35.3,37.0,57.0,1.4
2025-11-02,06:01,Field_015,22.95026,88.45393,103.0,19.0,105.7,7.4,0.44,24.3,30.7,60.9,2.3
2025-11-02,07:09,Field_010,22.87601,88.40536,136.9,23.6,154.0,7.14,0.63,33.7,25.5,64.9,1.8
2025-11-02,17:37,Field_011,23.01269,88.36023,231.8,23.0,166.5,7.03,0.88,26.7,25.1,54.9,1.8
2025-11-02,14:23,Field_002,22.93458,88.37666,120.7,18.5,100.3,6.84,0.44,22.2,38.1,82.5,2.0
2025-11-02,07:15,Field_038,22.89001,88.43495,163.6,31.3,88.5,6.49,0.43,32.5,24.8,76.6,3.1
2025-11-02,14:21,Field_034,22.97283,88.41846,197.4,17.8,111.3,6.73,0.38,14.6,27.6,65.7,2.3
2025-11-02,07:29,Field_047,22.8745,88.38897,172.3,29.3,147.8,6.52,0.71,33.3,29.0,69.9,2.2
2025-11-02,11:36,Field_031,22.9251,88.40212,198.2,32.3,235.5,6.42,0.65,32.6,18.8,82.5,2.8
2025-11-02,14:33,Field_046,22.95838,88.45811,158.4,32.2,82.9,6.64,0.28,30.4,27.8,71.1,2.5
2025-11-02,10:05,Field_030,22.89372,88.40783,163.2,25.3,188.8,7.02,0.45,32.9,31.3,75.4,2.8
2025-11-02,15:45,Field_005,22.93,88.34849,136.9,28.0,127.6,6.48,0.88,25.3,33.5,55.2,2.8
2025-11-02,18:34,Field_041,22.88731,88.4104,151.1,32.3,125.7,6.47,0.51,35.5,24.6,78.8,2.0
2025-11-02,08:28,Field_018,22.9751,88.43285,139.9,24.7,146.5,6.9,0.29,48.6,32.2,74.2,3.3
2025-11-02,19:10,Field_008,22.97998,88.41825,260.6,23.6,146.9,7.81,0.65,23.2,24.0,76.9,2.8
2025-11-02,14:32,Field_014,22.93367,88.40624,240.6,28.1,126.9,6.8,0.52,41.8,27.1,69.8,2.2
2025-11-02,19:29,Field_033,22.97142,88.38643,224.4,39.9,175.3,6.81,0.67,29.6,22.5,61.0,2.3
2025-11-02,18:51,Field_015,23.01643,88.34818,137.9,6.9,170.7,7.22,0.66,24.9,20.0,56.8,1.9
2025-11-02,14:12,Field_040,22.90751,88.36362,173.3,30.8,190.5,6.76,0.67,27.7,38.6,65.9,2.9
2025-11-02,10:04,Field_041,22.94854,88.43876,138.2,24.8,118.1,7.3,0.55,36.1,33.4,76.9,2.7
2025-11-02,15:28,Field_001,22.95967,88.40972,221.0,17.0,58.7,7.27,0.93,32.0,29.0,67.0,3.5
2025-11-02,12:57,Field_041,22.97431,88.38374,244.8,20.1,134.1,7.31,0.56,23.7,28.9,65.9,3.0
2025-11-02,16:17,Field_007,22.89081,88.40562,214.2,37.7,145.7,7.34,0.66,29.7,38.5,64.2,2.6
2025-11-02,07:14,Field_014,22.84951,88.40472,143.0,33.0,131.7,7.05,0.55,38.7,38.2,58.7,1.9
2025-11-02,17:35,Field_042,22.96574,88.3798,148.1,2.1,73.9,6.48,0.53,29.4,24.8,78.0,3.0
2025-11-02,12:09,Field_038,22.92117,88.3631,111.3,14.0,132.6,7.57,0.47,27.5,22.1,70.3,3.2
2025-11-02,12:59,Field_010,22.94873,88.29903,202.0,43.8,120.7,7.15,0.68,39.7,26.7,52.0,2.7
2025-11-02,16:09,Field_017,22.92831,88.48611,149.3,20.2,124.3,6.51,0.22,30.6,28.7,69.5,2.4
2025-11-02,06:36,Field_041,22.95495,88.55449,191.2,25.9,138.0,7.2,0.66,24.5,27.9,47.3,2.4
2025-11-02,11:23,Field_016,22.91351,88.49872,117.7,47.7,126.3,7.07,0.46,28.3,24.1,76.0,1.7
2025-11-02,22:44,Field_011,22.90724,88.38352,112.1,39.8,130.8,6.93,0.62,32.0,25.0,57.4,2.6
2025-11-02,18:10,Field_016,22.96461,88.43363,148.8,27.1,106.9,7.1,0.56,27.1,35.8,52.9,2.4
2025-11-02,16:15,Field_019,22.96455,88.34401,222.8,16.8,152.9,7.19,0.06,34.4,41.1,49.1,2.5
2025-11-02,15:39,Field_015,22.90466,88.47862,144.0,5.3,112.4,6.9,0.71,24.4,21.8,79.6,1.7
2025-11-02,08:22,Field_021,23.01139,88.36759,200.4,21.6,156.4,6.96,0.7,31.8,38.2,67.2,2.2
2025-11-02,10:05,Field_031,22.95188,88.45459,177.2,4.8,134.7,7.42,0.42,29.7,27.1,41.0,3.5
2025-11-02,12:32,Field_005,22.85633,88.40857,77.2,19.9,163.9,6.55,0.67,33.0,33.0,64.4,2.1
2025-11-02,14:41,Field_016,22.90803,88.46611,234.3,39.3,213.1,7.28,0.5,30.8,26.5,66.0,3.2
2025-11-02,15:40,Field_042,22.91758,88.39755,202.0,18.0,148.0,7.01,0.97,32.6,33.8,78.3,1.8
2025-11-02,17:10,Field_024,22.9237,88.4388,162.2,27.0,144.7,7.2,0.39,38.4,21.0,65.5,2.5
2025-11-02,21:17,Field_033,22.93898,88.42493,210.1,32.5,97.2,7.12,0.36,30.3,31.2,59.7,2.8
2025-11-02,22:36,Field_027,23.00497,88.39056,132.9,26.8,144.8,7.78,0.67,33.8,32.5,68.7,2.5
2025-11-02,21:40,Field_034,22.92926,88.34057,156.1,30.6,185.0,6.98,0.39,38.3,31.5,83.1,2.7
2025-11-02,10:16,Field_030,22.88275,88.35695,235.1,33.2,127.3,7.34,0.6,41.0,28.4,80.3,4.1
2025-11-02,11:39,Field_001,23.00486,88.48032,198.7,16.9,147.8,7.48,0.53,30.3,30.4,64.4,2.7
2025-11-02,19:53,Field_010,22.96321,88.39798,209.8,25.7,134.3,6.65,0.56,36.4,22.3,70.9,2.6
2025-11-02,17:01,Field_042,22.90696,88.35231,198.1,18.9,153.5,6.39,0.48,26.9,32.4,74.6,1.8
2025-11-02,20:22,Field_029,22.92825,88.43865,208.1,35.7,126.1,7.63,0.58,35.6,32.5,56.2,1.9
2025-11-02,14:34,Field_028,22.97576,88.36135,145.2,30.8,155.7,6.94,0.41,32.6,20.2,71.4,3.0
2025-11-02,09:24,Field_048,22.93093,88.33398,193.5,22.9,134.5,6.52,0.79,37.3,32.8,66.9,1.5
2025-11-02,20:59,Field_040,22.89618,88.34392,181.5,9.7,191.6,7.32,0.6,22.3,24.5,70.4,2.3
2025-11-02,22:01,Field_015,23.05274,88.42913,243.2,15.3,215.6,6.26,0.47,35.4,20.0,60.7,1.8
2025-11-02,08:41,Field_033,22.94665,88.36376,145.0,21.3,185.0,7.42,0.55,38.1,16.2,77.9,1.8
2025-11-02,06:19,Field_014,22.90467,88.45881,140.7,23.9,208.5,7.34,0.48,29.8,21.9,83.0,3.1
2025-11-02,08:58,Field_043,22.93266,88.38804,206.8,22.7,138.2,7.33,0.46,40.3,31.2,51.4,2.2
2025-11-02,16:01,Field_041,22.9556,88.42026,144.8,16.8,176.2,7.36,0.4,24.2,24.8,68.6,2.3
2025-11-02,17:20,Field_042,22.99199,88.46167,179.7,21.9,185.7,6.8,0.34,28.9,31.1,83.9,2.6
2025-11-02,15:26,Field_012,22.94687,88.36746,191.0,21.4,118.2,7.33,0.82,30.5,23.1,68.5,2.8
2025-11-02,10:55,Field_041,22.88583,88.37441,202.6,20.8,127.2,6.86,0.58,24.7,23.3,86.8,2.7
2025-11-02,06:54,Field_031,22.92865,88.42767,154.0,14.4,151.9,6.4,0.49,27.1,27.1,78.0,2.2
2025-11-02,19:57,Field_016,22.8901,88.29663,171.5,18.1,178.9,7.14,0.73,31.8,27.4,67.0,2.2
2025-11-02,15:15,Field_042,22.86211,88.3236,182.3,20.8,117.7,7.14,0.7,27.8,21.5,63.2,1.9
2025-11-02,12:53,Field_031,22.95616,88.36856,253.2,29.1,122.5,6.97,0.76,37.7,21.0,60.3,2.0
2025-11-02,22:53,Field_016,22.97386,88.47464,205.6,39.4,189.3,6.81,0.64,31.5,33.3,69.1,2.0
2025-11-02,20:21,Field_006,22.9532,88.29947,192.2,23.9,106.0,7.15,0.52,39.5,32.3,89.1,2.2
2025-11-02,09:32,Field_026,22.93098,88.35916,179.5,13.2,172.6,6.98,0.54,31.5,36.2,85.2,3.3
2025-11-02,12:15,Field_019,22.91869,88.44478,110.4,23.4,180.9,7.2,0.55,29.3,29.0,75.8,2.1
2025-11-02,20:04,Field_012,23.02285,88.42376,200.0,35.1,133.7,7.26,0.47,25.7,37.0,73.7,2.9
2025-11-02,16:16,Field_021,22.91326,88.42912,200.7,14.6,147.7,7.2,0.54,36.4,31.0,69.6,2.2
2025-11-02,21:51,Field_016,23.00238,88.25735,167.7,37.4,158.1,7.51,0.24,24.5,30.6,85.5,1.8
2025-11-02,17:27,Field_013,22.98259,88.35951,187.5,18.7,147.1,7.27,0.69,24.6,39.0,77.7,2.5
2025-11-02,20:34,Field_023,22.93329,88.43564,200.5,19.4,122.2,6.08,0.66,33.4,35.0,66.0,3.0
2025-11-02,18:40,Field_028,22.94087,88.33789,167.0,30.0,203.4,7.26,0.71,34.1,24.6,76.5,2.4
2025-11-02,19:58,Field_030,22.93487,88.36843,196.8,25.8,149.1,7.19,0.59,44.1,25.4,74.3,2.4
2025-11-02,07:03,Field_024,22.98503,88.33748,188.4,19.2,77.8,6.56,0.41,36.6,28.9,61.3,2.1
2025-11-02,10:05,Field_007,22.92933,88.40162,238.5,22.7,177.5,7.57,0.77,33.7,18.2,74.6,3.1
2025-11-02,17:28,Field_044,23.00986,88.37148,172.5,9.2,170.3,6.6,0.42,26.7,37.0,63.3,3.1
2025-11-02,19:02,Field_021,22.90594,88.3403,128.9,32.9,121.5,6.82,0.45,30.1,29.9,65.1,2.6
2025-11-02,15:07,Field_044,22.94481,88.51516,171.3,24.8,110.9,6.84,0.4,27.1,19.0,78.8,2.6
2025-11-02,08:50,Field_018,22.95289,88.38672,207.4,21.6,174.2,6.55,0.39,36.1,27.6,65.5,3.0
2025-11-02,22:33,Field_037,22.90465,88.4075,208.9,38.9,102.9,6.6,0.55,26.2,14.4,67.7,3.0
2025-11-08,21:30,Field_010,22.89555,88.41455,213.1,23.3,131.0,7.37,0.43,42.4,21.3,80.5,2.8
2025-11-08,20:21,Field_030,22.96161,88.42935,131.3,39.6,141.8,7.21,0.66,38.9,33.3,71.3,2.5
2025-11-08,13:19,Field_008,22.94199,88.30954,139.0,23.9,80.9,6.77,0.48,27.3,31.9,61.2,2.6
2025-11-08,15:02,Field_036,22.97438,88.47168,152.5,37.6,120.9,7.06,0.52,26.9,23.8,63.0,2.6
2025-11-08,10:08,Field_046,22.91567,88.45817,222.8,14.7,101.9,8.02,0.81,31.8,29.3,63.7,2.8
2025-11-08,17:38,Field_046,22.99266,88.35849,218.5,25.9,87.2,7.18,0.41,27.4,29.0,71.0,2.3
2025-11-08,13:22,Field_038,23.0005,88.33342,139.2,12.2,111.1,6.5,0.79,28.1,31.5,70.2,2.5
2025-11-08,15:36,Field_049,22.95617,88.37601,178.8,23.5,208.4,6.88,0.49,32.7,24.5,71.1,3.9
2025-11-08,18:11,Field_047,22.89148,88.41017,196.4,21.6,143.3,7.34,0.53,27.9,21.9,66.1,1.8
2025-11-08,09:19,Field_048,22.9022,88.47295,233.6,32.0,213.0,7.18,0.6,45.5,14.4,67.9,3.3
2025-11-08,11:24,Field_023,22.90999,88.38538,244.6,20.5,134.2,6.91,0.61,29.4,28.9,65.9,3.3
2025-11-08,07:06,Field_038,22.9321,88.33642,133.9,32.7,154.0,7.42,0.6,32.9,19.4,67.3,2.5
2025-11-08,06:53,Field_030,22.91283,88.37371,220.9,35.9,105.0,7.59,0.68,27.2,26.8,85.2,1.6
2025-11-08,21:11,Field_021,23.04372,88.37314,229.6,20.2,142.9,7.33,0.62,40.1,40.4,58.6,2.3
2025-11-08,11:32,Field_030,22.95513,88.38511,205.3,21.9,72.3,6.94,0.19,34.1,23.1,71.6,3.3
2025-11-08,07:47,Field_044,22.90793,88.39346,264.3,3.3,164.5,6.73,0.5,26.4,21.2,71.3,2.7
2025-11-08,14:33,Field_017,22.92653,88.47658,88.2,27.4,169.0,7.28,0.67,37.6,25.0,59.0,1.3
2025-11-08,13:46,Field_021,22.91092,88.38052,207.5,34.5,73.8,6.74,0.71,27.8,30.1,62.4,2.2
2025-11-08,21:23,Field_044,23.05439,88.37868,170.6,31.9,136.8,7.2,0.79,36.6,28.7,86.7,3.0
2025-11-08,08:39,Field_031,22.95426,88.36334,180.5,28.7,159.2,7.19,0.38,34.9,33.5,80.7,1.7
2025-11-08,16:07,Field_001,22.93015,88.3688,161.6,24.5,160.8,7.53,0.7,45.4,31.4,71.4,2.2
2025-11-08,15:27,Field_006,22.88017,88.41224,163.3,25.7,147.5,7.25,0.57,44.6,22.0,77.5,2.5
2025-11-08,21:37,Field_024,22.87004,88.38465,202.5,34.7,58.2,7.28,0.68,28.7,28.5,39.5,0.9
2025-11-08,17:47,Field_013,23.008,88.40244,229.4,21.8,121.0,6.46,0.52,33.5,19.4,66.6,3.2
2025-11-08,08:09,Field_015,22.97718,88.36709,193.2,36.4,136.7,7.09,0.65,25.5,24.1,77.3,2.5
2025-11-08,18:12,Field_046,22.92105,88.52347,136.1,40.5,117.8,6.97,0.55,26.8,28.4,61.8,1.8
2025-11-08,15:51,Field_024,23.0225,88.33649,144.9,30.4,149.5,7.36,0.36,30.3,24.9,58.9,2.9
2025-11-08,14:55,Field_003,22.92778,88.42862,195.9,32.5,153.8,6.87,0.43,30.5,29.6,66.8,2.7
2025-11-08,20:01,Field_014,22.98143,88.33053,262.0,18.0,138.7,7.61,0.84,36.8,25.5,71.3,2.6
2025-11-08,22:03,Field_024,22.99392,88.27988,204.4,28.0,127.7,6.9,0.53,27.3,28.9,67.5,2.6
2025-11-08,22:12,Field_030,22.99883,88.50282,176.5,23.6,132.5,7.25,0.63,22.5,23.7,75.1,2.4
2025-11-08,13:39,Field_022,22.92662,88.38385,165.3,21.6,161.7,7.38,0.5,24.6,34.4,69.0,3.5
2025-11-08,20:02,Field_024,22.92834,88.41392,185.5,2.4,91.1,7.38,0.43,35.2,29.3,82.2,1.7
2025-11-08,17:30,Field_043,22.92508,88.35991,182.4,32.4,191.8,6.95,0.35,33.4,36.9,53.8,1.9
2025-11-08,08:10,Field_048,22.95298,88.38629,219.5,38.2,116.2,6.62,0.47,34.6,27.4,65.0,1.7
2025-11-08,20:19,Field_008,22.86068,88.32411,199.9,35.1,174.0,6.99,0.51,31.8,34.1,77.6,2.3
2025-11-08,21:05,Field_003,22.93208,88.33875,227.1,20.3,102.0,7.01,0.45,40.9,24.3,56.0,1.2
2025-11-08,22:44,Field_024,22.90886,88.3423,92.5,16.7,175.8,6.34,0.46,37.0,27.7,81.3,1.3
2025-11-08,08:23,Field_024,22.84847,88.4006,167.2,17.4,178.4,7.27,0.92,37.0,24.8,60.9,2.2
2025-11-08,15:35,Field_003,23.01496,88.4356,141.2,23.1,191.7,6.65,0.78,30.0,22.4,76.0,2.6
2025-11-08,19:46,Field_003,22.96559,88.36189,223.8,19.1,145.0,6.96,0.4,32.4,21.4,65.6,2.5
2025-11-08,13:57,Field_013,22.89048,88.38143,179.4,22.7,145.6,7.49,0.63,32.3,22.5,62.8,3.0
2025-11-08,10:05,Field_019,23.03039,88.44513,134.7,32.1,175.5,7.26,0.52,35.3,27.9,60.2,2.1
2025-11-08,16:33,Field_019,22.917,88.46412,298.9,17.8,132.8,6.75,0.54,33.6,24.5,67.2,2.6
2025-11-08,08:35,Field_001,22.91844,88.42997,195.4,18.5,189.7,7.12,0.66,40.4,28.1,73.2,3.0
2025-11-08,21:46,Field_019,22.98566,88.3055,235.5,31.7,106.4,7.3,0.58,28.5,34.0,65.7,3.3
2025-11-08,17:06,Field_046,22.94711,88.45639,184.6,18.7,107.6,6.82,0.56,39.2,21.3,66.8,2.6
2025-11-08,22:39,Field_034,23.03615,88.42524,182.7,30.7,107.3,6.44,0.43,33.3,21.5,63.7,2.1
2025-11-08,19:50,Field_012,22.99095,88.40573,223.4,22.3,105.0,7.88,0.3,29.0,29.4,79.9,2.9
2025-11-08,18:13,Field_017,22.96854,88.39245,146.0,45.2,102.0,7.02,0.67,38.9,25.2,51.3,2.1
2025-11-08,19:04,Field_011,23.0112,88.41252,181.1,25.4,136.3,7.49,0.32,22.7,23.3,72.9,3.6
2025-11-08,08:29,Field_017,22.93824,88.46652,175.2,14.3,123.0,6.4,0.38,34.3,22.1,81.1,2.5
2025-11-08,16:30,Field_011,23.02378,88.29809,199.2,24.4,190.7,7.24,0.57,36.0,22.7,79.7,1.7
2025-11-08,11:16,Field_044,22.96812,88.37167,270.9,22.6,109.7,7.02,0.52,30.1,37.4,58.7,2.5
2025-11-08,21:21,Field_020,22.95117,88.48272,200.4,34.2,109.9,6.74,0.45,31.5,28.3,73.2,3.7
2025-11-08,17:08,Field_027,22.91515,88.37976,225.3,37.8,162.6,6.74,0.47,32.5,29.6,60.1,2.9
2025-11-08,13:27,Field_027,22.90645,88.4975,172.7,23.9,104.0,6.93,0.9,30.5,30.6,79.5,2.4
2025-11-08,21:51,Field_024,22.88414,88.38113,233.8,19.1,114.1,7.85,0.7,17.7,25.2,51.9,1.9
2025-11-08,13:37,Field_040,22.8427,88.3353,114.7,27.0,128.9,7.3,0.54,30.6,38.0,72.2,2.5
2025-11-08,13:10,Field_016,22.94598,88.41125,182.4,18.8,127.9,7.35,0.57,35.3,34.4,74.3,1.3
2025-11-08,10:07,Field_027,22.91642,88.50277,141.5,10.4,141.7,6.29,0.74,26.6,22.5,70.3,2.3
2025-11-08,18:00,Field_011,22.85357,88.2802,152.8,21.2,74.4,6.54,0.25,31.8,32.1,81.1,2.7
2025-11-08,16:30,Field_006,22.95979,88.44867,223.0,21.1,148.1,7.59,0.48,28.1,32.0,76.2,2.0
2025-11-08,06:22,Field_013,22.84564,88.31914,193.9,20.0,114.3,6.42,0.48,38.5,27.9,76.3,3.5
2025-11-08,11:57,Field_030,22.94767,88.4245,166.8,28.6,139.9,6.9,0.34,32.9,32.8,62.2,1.3
2025-11-08,15:56,Field_028,22.89656,88.46316,113.4,12.0,184.8,7.0,0.69,32.6,28.0,56.7,2.5
2025-11-08,17:31,Field_005,23.01929,88.39936,205.9,24.7,124.5,7.37,0.34,20.8,20.8,78.5,2.6
2025-11-08,12:19,Field_013,22.93947,88.36065,140.9,20.9,148.4,7.59,0.24,30.7,21.3,53.5,3.1
2025-11-08,12:25,Field_043,22.96343,88.3852,187.3,30.1,106.5,6.83,0.42,26.8,30.8,71.4,1.6
2025-11-08,10:13,Field_037,22.8895,88.37953,137.8,10.0,104.1,7.05,0.76,38.7,29.1,66.8,2.7
2025-11-08,16:04,Field_030,22.90707,88.41154,195.7,28.4,100.1,7.04,0.79,36.5,28.5,50.7,2.4
2025-11-08,22:44,Field_009,22.99275,88.36631,224.5,29.9,74.0,6.85,0.62,32.8,31.1,71.2,2.4
2025-11-08,21:37,Field_021,22.91794,88.38675,143.9,46.6,148.5,6.66,0.68,36.6,27.1,78.4,2.0
2025-11-08,18:40,Field_009,22.93783,88.53186,239.6,12.4,108.5,6.69,0.36,23.8,27.1,62.6,2.0
2025-11-08,17:16,Field_038,22.97101,88.3847,289.6,18.7,200.7,7.47,0.49,32.0,22.9,64.6,2.3
2025-11-08,20:13,Field_048,22.94564,88.43717,192.6,26.4,136.4,7.52,0.61,24.1,25.6,67.7,2.5
2025-11-08,19:46,Field_015,22.92054,88.33733,195.8,24.1,195.1,6.86,0.42,37.4,32.6,71.7,2.9
2025-11-08,15:16,Field_014,22.8647,88.50596,127.0,31.5,104.4,6.74,0.46,34.7,29.6,58.0,2.8
2025-11-08,15:01,Field_002,22.98223,88.37148,173.0,24.2,177.7,6.83,0.73,26.6,29.3,63.1,3.2
2025-11-08,15:09,Field_024,22.93607,88.31892,126.4,14.6,133.8,6.44,0.76,34.6,31.0,54.1,3.3
2025-11-08,13:55,Field_029,22.93107,88.41932,111.4,25.9,107.2,7.47,0.41,38.0,27.9,51.7,2.0
2025-11-08,17:41,Field_046,22.9708,88.40015,203.4,26.9,156.8,6.83,0.58,26.4,34.4,63.7,3.2
2025-11-08,11:31,Field_048,22.95623,88.42926,159.4,26.5,122.0,6.66,0.78,33.3,22.5,56.2,2.0
2025-11-08,14:15,Field_026,22.8984,88.37708,180.2,12.6,144.9,6.87,0.42,32.3,19.5,70.8,2.8
2025-11-08,21:06,Field_007,22.95007,88.36632,237.8,13.5,116.6,7.36,0.81,34.9,29.2,67.1,2.8
2025-11-08,21:16,Field_007,22.94096,88.42374,169.9,21.2,75.5,6.63,0.57,30.9,31.1,68.0,2.1
2025-11-08,06:40,Field_049,22.89466,88.39919,198.3,41.1,139.1,7.59,0.42,29.0,30.9,72.0,2.3
2025-11-08,07:29,Field_030,23.05743,88.3605,207.7,22.7,181.7,7.41,0.58,30.0,32.8,76.5,2.1
2025-11-08,08:57,Field_015,22.96629,88.31688,167.4,15.8,156.9,7.4,0.77,28.2,22.4,65.8,2.1
2025-11-08,17:57,Field_030,23.02734,88.42993,191.2,26.6,103.3,7.31,0.45,33.2,25.7,73.5,1.8
2025-11-08,16:14,Field_010,22.99358,88.41636,135.2,36.0,211.3,7.06,0.63,33.2,30.7,68.8,2.5
2025-11-08,17:26,Field_038,22.98191,88.48722,206.5,26.6,154.3,7.57,0.42,31.3,25.7,58.3,2.3
2025-11-08,11:21,Field_015,22.94308,88.38113,306.3,32.3,154.5,6.91,0.48,31.2,29.5,51.2,1.6
2025-11-08,13:48,Field_045,22.99424,88.44379,216.1,13.3,134.8,7.23,0.56,31.1,28.1,72.5,2.5
2025-11-08,08:04,Field_012,23.00078,88.40937,182.1,31.2,126.9,7.63,0.43,35.9,35.2,56.2,2.3
2025-11-08,07:25,Field_031,22.96126,88.33998,236.9,22.1,149.7,6.91,0.51,33.3,24.3,68.0,2.4
2025-11-08,18:03,Field_049,22.95678,88.36344,92.2,24.8,89.8,7.17,0.58,28.4,37.1,57.6,2.1
2025-11-08,09:52,Field_039,22.91971,88.48818,214.5,15.2,173.2,7.5,0.79,29.6,25.6,60.6,2.7
2025-11-08,11:26,Field_025,22.92431,88.44174,208.7,24.0,119.9,6.33,0.55,26.3,22.6,79.3,3.0
2025-11-08,08:05,Field_003,22.84247,88.53163,182.4,35.3,98.0,6.71,0.39,31.4,29.5,80.7,1.5
2025-11-08,20:35,Field_044,22.89712,88.43117,175.3,26.7,105.8,7.06,0.49,27.4,31.7,54.6,2.8
2025-11-08,07:39,Field_043,22.92461,88.37787,205.4,32.0,122.2,6.68,0.3,27.1,26.4,56.6,3.0
2025-11-08,13:40,Field_018,22.99362,88.46137,193.8,17.7,157.8,7.15,0.4,34.3,25.3,77.5,2.8
2025-11-08,16:19,Field_001,22.95415,88.39204,140.5,27.5,179.3,6.67,0.64,31.4,30.3,73.1,2.3
2025-11-08,15:41,Field_037,22.99042,88.39352,245.4,22.3,86.1,6.93,0.5,23.9,30.9,84.2,1.8
2025-11-08,20:25,Field_003,22.97518,88.38119,112.4,34.6,130.6,6.92,0.9,37.8,24.7,63.9,2.7
2025-11-08,11:01,Field_029,22.91097,88.38682,124.5,24.1,146.0,7.02,0.75,31.1,18.5,105.4,2.1
2025-11-08,12:08,Field_037,22.96216,88.49578,144.2,14.8,117.6,8.01,0.36,33.1,22.4,60.5,1.5
2025-11-08,14:14,Field_013,22.9267,88.3305,141.3,26.5,85.1,6.78,0.56,27.4,29.6,77.2,2.8
2025-11-08,06:48,Field_043,22.94867,88.40813,98.7,22.4,169.8,7.36,-0.01,30.8,31.0,58.2,2.3
2025-11-08,13:42,Field_015,22.91878,88.45897,154.2,15.3,163.4,7.83,0.43,39.3,23.3,68.9,2.5
2025-11-08,14:14,Field_037,22.93902,88.4122,191.0,12.8,121.4,6.92,0.71,28.3,32.0,70.0,2.4
2025-11-08,19:34,Field_028,22.92816,88.40007,232.2,18.7,82.8,7.03,0.68,29.6,39.9,91.5,2.5
2025-11-08,20:39,Field_009,22.942,88.46288,158.7,16.8,124.0,6.96,0.49,30.7,29.7,68.3,2.5
2025-11-08,06:11,Field_038,22.9804,88.42425,184.5,24.0,175.7,7.0,0.63,18.0,22.1,79.8,2.1
2025-11-08,14:45,Field_045,22.83806,88.39655,173.5,26.9,143.6,7.13,0.63,24.7,26.4,72.0,1.9
2025-11-08,17:24,Field_009,23.00885,88.33438,201.5,11.6,110.7,6.51,0.67,31.6,27.9,58.9,2.3
2025-11-08,07:33,Field_029,22.88426,88.36956,199.4,31.5,167.5,7.1,0.74,28.3,26.1,44.1,2.4
2025-11-08,11:18,Field_001,22.96697,88.4305,176.9,21.0,157.2,7.6,0.46,30.5,28.1,76.8,2.7
2025-11-08,21:52,Field_026,22.96615,88.33474,158.4,33.4,175.3,7.1,0.48,37.0,34.2,65.9,1.6
2025-11-08,09:16,Field_017,22.8989,88.35183,208.7,27.4,171.1,8.01,0.62,27.3,33.2,61.9,3.5
2025-11-08,21:22,Field_021,22.87308,88.38429,190.4,18.6,112.0,6.91,0.59,30.8,35.3,75.9,2.7
2025-11-08,13:50,Field_020,22.97603,88.2898,162.9,35.7,188.9,7.12,0.67,23.5,30.7,78.5,4.0
2025-11-08,13:43,Field_025,22.81934,88.36934,161.6,22.3,160.2,6.59,0.54,31.6,30.8,81.6,3.5
2025-11-08,16:09,Field_037,22.91021,88.48732,221.1,31.5,135.8,7.61,0.52,31.8,28.8,77.0,2.9
2025-11-08,12:12,Field_027,23.04027,88.4266,157.1,18.2,133.9,6.64,0.54,29.8,25.4,64.9,3.1
2025-11-08,07:11,Field_027,22.94628,88.39649,215.2,26.6,147.9,7.57,0.83,24.6,20.1,66.5,3.0
2025-11-08,11:02,Field_005,23.02053,88.38528,177.8,29.0,168.7,6.83,0.54,27.4,28.4,79.7,2.6
2025-11-08,14:22,Field_043,23.01082,88.34937,220.9,29.7,143.3,6.24,0.77,26.4,32.8,63.1,2.0
2025-11-08,20:39,Field_018,22.98676,88.44721,182.2,25.6,202.2,6.36,0.31,23.6,29.8,66.4,2.3
2025-11-08,13:08,Field_013,22.97255,88.47363,159.4,26.2,170.4,6.42,0.85,39.1,19.4,73.7,2.2
2025-11-08,06:13,Field_008,23.03618,88.49004,153.5,31.2,123.7,7.19,0.54,33.1,29.8,67.5,2.7
2025-11-08,12:23,Field_018,22.94082,88.41685,271.2,19.1,107.1,6.62,0.73,27.8,23.7,72.3,2.7
2025-11-08,12:06,Field_047,22.87178,88.44664,247.3,23.5,114.9,6.85,0.39,36.7,38.7,63.1,1.8
2025-11-08,06:07,Field_004,22.95323,88.46032,130.8,41.3,178.4,7.19,0.46,27.4,27.6,82.0,1.7
2025-11-08,20:25,Field_001,22.94879,88.30207,203.1,24.0,95.5,6.88,0.44,28.1,16.7,53.3,2.4
2025-11-08,19:37,Field_017,22.90873,88.41959,181.2,33.4,147.1,6.71,0.38,35.7,22.6,81.8,2.8
2025-11-08,22:07,Field_022,22.92344,88.40936,195.5,16.8,84.0,7.25,0.77,25.8,35.9,72.8,2.5
2025-11-08,15:41,Field_003,22.80959,88.39212,135.0,16.2,130.5,6.27,0.43,21.2,28.6,71.0,2.3
2025-11-08,06:51,Field_047,22.98337,88.36247,168.0,25.0,91.9,6.81,0.61,24.3,33.8,82.7,1.8
2025-11-08,12:30,Field_002,22.97862,88.43255,175.3,15.7,116.1,7.46,0.48,32.9,22.6,73.4,2.2
2025-11-08,08:05,Field_033,22.96626,88.38182,188.8,27.8,82.3,6.87,0.55,32.5,28.4,74.4,3.7
2025-11-08,09:14,Field_019,22.99113,88.41677,187.2,17.4,119.3,7.5,0.54,34.3,27.4,58.2,3.1
2025-11-08,11:36,Field_002,22.93975,88.40162,136.3,27.9,102.8,7.1,0.38,25.1,16.2,68.4,3.4
2025-11-08,12:05,Field_026,22.92723,88.38231,266.6,33.4,175.9,7.47,0.4,24.7,22.5,83.3,2.2
2025-11-08,10:01,Field_020,22.94219,88.37165,191.2,30.8,147.4,7.37,0.33,32.3,34.6,60.3,3.2
2025-11-08,15:23,Field_030,22.90365,88.34759,193.1,32.3,129.1,7.31,0.69,31.5,30.0,67.8,1.8
2025-11-08,18:14,Field_020,22.88109,88.43137,175.8,19.3,111.2,7.09,0.42,38.6,34.9,69.6,3.2
2025-11-08,07:37,Field_023,22.98272,88.4145,232.6,20.7,133.5,7.04,0.4,33.4,19.4,80.5,2.5
2025-11-08,18:42,Field_029,22.91388,88.4156,214.3,14.9,73.1,6.77,0.82,44.1,37.2,68.1,1.4
2025-11-08,15:48,Field_029,23.01498,88.40438,220.7,26.7,170.4,7.54,0.8,34.9,23.7,68.3,2.5
2025-11-08,12:20,Field_041,22.93377,88.41904,182.2,19.1,122.8,6.77,0.59,35.6,25.9,62.9,2.6
2025-11-08,11:42,Field_049,22.94707,88.33822,199.6,14.3,67.7,7.4,0.61,37.3,24.3,74.7,2.2
2025-11-08,17:50,Field_022,22.98445,88.40554,249.5,29.7,169.3,6.58,0.6,31.8,22.3,78.7,2.0
2025-11-08,19:06,Field_010,22.90665,88.39326,181.6,19.5,99.9,7.16,0.81,32.3,26.5,66.0,1.8
2025-11-08,06:57,Field_049,22.9273,88.38618,197.3,26.7,127.7,6.82,0.38,37.9,30.3,79.2,2.3
2025-11-08,17:51,Field_001,22.90623,88.37533,193.1,34.8,181.0,7.17,0.39,28.7,31.2,61.7,1.7
2025-11-08,11:52,Field_005,22.95095,88.32988,178.4,18.3,172.8,6.4,0.34,29.5,20.3,86.8,2.4
2025-11-08,09:16,Field_037,22.94845,88.40603,164.9,14.4,94.8,7.21,0.66,29.3,29.9,65.4,2.0
2025-11-08,22:14,Field_019,22.81569,88.34153,174.0,11.1,126.2,7.01,0.42,29.3,21.0,70.8,3.1
2025-11-08,13:23,Field_008,22.89844,88.37434,250.8,32.3,162.4,7.14,0.45,30.8,27.6,75.5,3.4
2025-11-08,22:42,Field_049,22.89584,88.33636,182.7,24.6,147.1,6.99,0.4,40.7,37.4,75.5,2.9
2025-11-08,10:13,Field_002,22.98167,88.32967,175.3,24.8,127.1,6.68,0.7,33.0,29.3,84.2,2.4
2025-11-08,17:14,Field_044,23.00131,88.41422,102.6,27.7,131.2,6.96,0.42,34.1,33.3,63.6,1.5
2025-11-08,19:47,Field_028,23.01981,88.44217,196.4,16.6,136.5,6.91,0.54,27.7,31.8,67.3,2.3
2025-11-08,21:02,Field_011,22.97728,88.35751,208.1,22.8,179.5,6.98,0.53,26.4,23.9,83.2,2.7
2025-11-09,11:38,Field_049,22.89206,88.35726,152.0,35.6,128.3,7.69,0.84,44.7,27.7,72.1,2.7
2025-11-09,09:20,Field_041,23.02576,88.34065,168.3,28.8,112.2,6.93,0.57,32.8,16.0,72.2,1.5
2025-11-09,19:02,Field_029,22.97703,88.47232,142.6,18.2,130.3,7.09,0.43,36.1,23.4,51.0,2.8
2025-11-09,15:39,Field_023,22.96484,88.42979,134.7,17.4,144.3,7.7,0.63,35.6,22.6,74.2,1.8
2025-11-09,22:23,Field_015,22.92127,88.44554,147.5,24.0,137.5,6.62,0.29,33.3,34.8,79.6,3.1
2025-11-09,10:34,Field_019,22.97379,88.42708,182.5,20.8,101.7,7.42,0.58,30.8,30.7,68.7,2.1
2025-11-09,22:54,Field_049,22.93511,88.3692,116.9,25.0,87.8,7.09,0.66,33.6,30.0,80.3,2.5
2025-11-09,11:52,Field_034,22.8954,88.42241,152.0,22.4,91.3,6.47,0.68,40.7,24.4,70.5,2.9
2025-11-09,16:46,Field_018,22.91567,88.35772,169.3,19.3,111.3,7.46,0.73,37.7,30.6,70.9,2.2
2025-11-09,18:56,Field_026,22.93771,88.47149,169.6,30.1,170.6,7.02,0.49,29.8,36.0,64.4,2.6
2025-11-09,22:47,Field_047,22.99455,88.34811,174.2,14.6,179.8,7.33,0.51,29.6,27.3,61.0,2.4
2025-11-09,14:34,Field_040,22.85806,88.40516,101.2,23.1,177.0,7.25,0.61,26.6,20.1,80.4,2.2
2025-11-09,19:29,Field_002,22.98031,88.38029,138.4,18.1,86.3,6.49,0.33,25.8,22.5,73.9,2.7
2025-11-09,10:48,Field_034,22.96448,88.42497,150.9,11.9,67.4,7.36,0.31,34.8,22.2,58.6,2.1
2025-11-09,07:46,Field_017,22.94452,88.40664,147.7,24.4,159.7,6.81,0.66,34.4,25.1,81.3,2.1
2025-11-09,14:44,Field_035,22.96429,88.35722,206.8,30.2,186.8,6.93,0.75,35.4,33.7,93.9,2.4
2025-11-09,22:17,Field_034,22.91822,88.39614,190.3,9.9,86.5,6.4,0.34,32.1,29.0,80.1,2.8
2025-11-09,19:36,Field_041,22.94981,88.48796,161.9,30.2,133.4,6.9,0.44,26.2,31.7,60.1,2.8
2025-11-09,14:25,Field_028,22.91979,88.32156,158.9,22.1,146.4,7.45,0.58,33.2,29.9,52.5,1.5
2025-11-09,21:01,Field_001,22.855,88.43876,193.0,19.6,154.0,6.68,0.5,38.3,32.7,72.9,1.9
2025-11-09,22:17,Field_007,22.98042,88.39704,177.1,25.6,228.2,7.71,0.45,38.3,30.5,69.8,2.0
2025-11-09,06:40,Field_020,22.94278,88.46569,94.9,24.0,90.6,6.85,0.55,29.9,22.9,59.2,2.9
2025-11-09,22:20,Field_039,22.85527,88.392,193.0,33.8,61.3,6.55,0.46,32.0,27.3,68.8,2.7
2025-11-09,21:14,Field_043,23.02895,88.34109,162.2,14.1,97.5,7.82,0.55,29.7,31.3,81.5,3.8
2025-11-09,17:33,Field_026,22.97833,88.38462,173.8,26.3,68.2,7.38,0.53,37.9,29.9,68.4,2.6
2025-11-09,11:48,Field_005,22.89595,88.37701,166.4,25.8,147.1,7.0,0.81,26.1,27.7,54.3,2.7
2025-11-09,22:31,Field_048,22.89193,88.38226,74.0,27.7,165.1,6.64,0.43,33.5,28.5,77.7,2.0
2025-11-09,18:32,Field_007,23.02283,88.38589,154.8,18.1,164.2,6.92,0.49,27.1,24.2,73.2,1.7
2025-11-09,10:39,Field_040,22.98261,88.28345,168.3,28.8,112.0,6.65,0.44,30.2,23.1,76.6,2.0
2025-11-09,19:49,Field_002,22.9095,88.45458,191.8,11.7,190.8,6.87,0.65,38.3,15.2,74.5,2.3
2025-11-09,09:28,Field_016,23.02764,88.31933,177.6,12.0,56.7,6.71,0.61,27.2,30.0,71.1,2.4
2025-11-09,21:47,Field_047,22.91305,88.41239,137.2,30.5,126.1,6.0,0.65,25.3,22.8,76.9,2.3
2025-11-09,06:53,Field_038,22.87247,88.40787,143.9,17.2,102.8,6.9,0.87,32.6,31.5,79.4,2.4
2025-11-09,20:40,Field_044,22.92593,88.40242,142.9,32.8,177.0,7.49,0.14,43.7,28.8,70.5,2.4
2025-11-09,20:49,Field_010,22.97348,88.39575,174.7,25.6,99.4,7.24,0.39,38.7,26.2,78.3,1.6
2025-11-09,06:52,Field_029,22.96266,88.35875,228.5,25.9,60.5,7.49,0.46,32.4,29.9,55.2,2.3
2025-11-09,20:32,Field_043,22.93244,88.41149,145.4,23.2,146.4,7.49,0.72,38.9,32.3,88.5,2.3
2025-11-09,13:57,Field_033,22.95107,88.39002,209.8,25.1,229.8,6.92,0.6,27.5,32.4,73.1,2.3
2025-11-09,15:57,Field_048,23.03964,88.32304,176.7,25.7,138.8,6.87,0.79,19.3,30.2,74.8,2.7
2025-11-09,22:55,Field_007,22.93194,88.25265,244.2,28.9,151.5,6.98,0.57,28.4,31.1,56.9,2.6
2025-11-09,13:00,Field_024,22.90415,88.44214,202.0,38.1,73.8,7.21,0.54,25.5,37.4,72.4,2.5
2025-11-09,16:27,Field_021,22.97507,88.40902,126.3,17.3,98.6,6.78,0.52,25.0,35.4,56.7,3.3
2025-11-09,19:16,Field_008,22.92651,88.41593,139.2,22.0,116.6,6.81,0.6,35.3,20.6,73.3,4.4
2025-11-09,14:18,Field_015,23.00477,88.45114,192.1,27.1,122.0,7.0,0.43,20.4,26.6,68.8,2.6
2025-11-09,16:39,Field_038,22.9166,88.29266,210.7,30.3,139.6,6.56,0.82,30.0,29.2,63.0,1.7
2025-11-09,18:56,Field_018,22.87351,88.38574,218.3,21.2,117.2,7.76,0.53,31.8,29.4,96.0,3.8
2025-11-09,20:11,Field_048,22.93392,88.42405,174.8,17.9,106.2,7.21,0.14,34.9,27.1,79.5,2.9
2025-11-09,12:26,Field_013,22.92575,88.38477,204.8,3.2,140.2,6.82,0.39,28.7,25.1,69.5,1.7
2025-11-09,20:16,Field_013,22.91408,88.43917,208.3,31.2,206.1,7.0,0.61,26.1,38.7,66.6,2.3
2025-11-09,09:51,Field_026,22.9963,88.39472,164.0,33.4,126.0,6.82,0.68,37.9,39.7,82.2,3.0
2025-11-09,21:19,Field_048,22.98058,88.44484,214.0,38.8,119.7,7.66,0.62,37.0,31.5,76.5,2.1
2025-11-09,08:30,Field_032,22.91348,88.41903,207.6,26.1,196.1,7.18,0.69,32.8,31.4,62.0,2.2
2025-11-09,18:34,Field_044,22.94608,88.37423,160.8,25.2,143.9,6.82,0.51,40.1,34.9,72.5,1.7
2025-11-09,17:27,Field_038,22.96461,88.35693,183.9,23.2,162.7,6.82,0.81,24.3,34.3,62.4,1.4
2025-11-09,22:20,Field_001,22.97394,88.39864,122.8,13.6,132.9,6.94,0.68,36.5,31.0,67.2,1.7
2025-11-09,08:36,Field_043,22.93947,88.41246,198.9,22.9,126.2,6.8,0.38,27.4,24.0,54.6,3.1
2025-11-09,06:06,Field_007,22.99514,88.37664,219.9,22.3,121.3,6.83,0.4,23.1,15.5,59.5,4.1
2025-11-09,06:33,Field_009,23.01254,88.42636,165.0,15.4,97.7,6.51,0.61,28.2,19.8,73.7,1.2
2025-11-09,17:53,Field_048,22.93808,88.35338,227.2,23.9,159.6,7.57,0.39,28.8,34.6,58.8,2.2
2025-11-09,06:12,Field_027,22.93821,88.39512,119.4,24.6,119.6,7.57,0.49,34.1,21.8,72.4,2.3
2025-11-09,11:29,Field_007,22.90979,88.47688,198.9,32.3,151.9,7.75,0.5,35.0,34.5,64.4,3.1
2025-11-09,22:40,Field_032,22.8861,88.42845,138.1,10.8,165.1,6.34,0.56,29.5,32.0,78.1,2.0
2025-11-09,21:46,Field_009,23.0226,88.35262,230.1,24.3,181.2,7.45,0.61,35.1,30.1,49.9,2.6
2025-11-09,15:49,Field_016,22.9376,88.40387,154.7,22.0,149.5,6.8,0.53,25.1,33.5,77.3,2.6
2025-11-09,19:35,Field_007,22.96376,88.33825,107.4,34.4,187.2,6.53,0.34,28.1,34.3,65.9,2.6
2025-11-09,10:07,Field_029,22.87637,88.35898,198.8,25.7,105.9,6.62,0.57,32.5,30.5,65.4,2.0
2025-11-09,20:52,Field_019,22.91306,88.36865,280.3,39.5,192.3,6.87,0.91,34.2,32.9,71.8,2.5
2025-11-09,07:16,Field_004,22.98589,88.32988,241.1,22.6,105.7,8.05,0.8,29.3,18.6,62.8,3.4
2025-11-09,18:32,Field_010,22.90191,88.41542,231.8,15.8,167.9,6.91,0.7,27.1,28.0,54.8,2.8
2025-11-09,07:01,Field_007,22.94074,88.48667,155.1,9.4,85.6,6.73,0.63,25.1,24.6,57.5,2.1
2025-11-09,14:07,Field_022,23.06101,88.40166,164.4,14.1,127.8,7.18,0.31,26.3,25.7,62.2,2.0
2025-11-09,09:03,Field_009,23.02653,88.39952,208.2,18.0,117.0,7.2,0.3,31.8,24.0,59.9,1.5
2025-11-09,07:47,Field_033,22.92403,88.40036,175.8,23.5,198.4,7.12,0.31,41.2,29.4,66.3,3.3
2025-11-09,21:10,Field_022,22.94397,88.44174,186.7,30.5,133.6,7.27,0.59,35.0,32.5,57.4,2.1
2025-11-09,11:23,Field_047,22.87245,88.47526,243.0,25.2,186.3,6.78,0.27,27.4,36.6,55.1,2.5
2025-11-09,16:03,Field_033,22.99348,88.38426,193.0,30.6,128.4,7.81,0.77,48.4,21.9,72.2,1.7
2025-11-09,06:04,Field_049,22.94888,88.41718,255.0,25.8,160.9,6.61,0.67,28.8,28.4,68.9,3.1
2025-11-09,06:40,Field_043,22.83373,88.42922,141.5,24.6,114.0,7.47,0.66,44.8,24.2,63.5,2.5
2025-11-09,18:32,Field_010,22.83618,88.38942,182.3,6.1,148.0,6.79,0.37,28.1,23.9,64.3,2.6
2025-11-09,11:53,Field_026,23.014,88.47762,113.2,9.6,137.0,7.76,0.65,31.8,25.7,80.8,2.6
2025-11-09,15:09,Field_009,23.01949,88.49759,180.6,20.7,97.1,7.17,0.68,23.9,33.7,69.0,1.7
2025-11-09,20:41,Field_049,22.91765,88.46881,151.3,2.8,126.2,6.42,0.26,38.8,23.5,61.9,2.3
2025-11-09,12:06,Field_016,22.99501,88.36154,253.1,40.4,121.8,6.68,0.28,33.0,30.3,64.2,2.7
2025-11-09,09:49,Field_039,22.96013,88.32951,160.8,27.9,102.2,6.59,0.57,31.0,29.7,66.3,2.9
2025-11-09,14:06,Field_026,22.92969,88.35265,198.1,15.6,137.5,7.34,0.53,26.3,33.9,51.2,2.3
2025-11-09,22:42,Field_047,22.98938,88.37764,144.1,11.1,167.5,7.16,0.56,25.2,35.1,71.1,2.9
2025-11-09,11:41,Field_020,22.8695,88.46325,153.1,35.9,50.5,6.85,0.36,40.1,36.4,46.6,3.0
2025-11-09,19:04,Field_029,22.95747,88.45115,161.4,33.4,89.5,7.07,0.37,27.0,18.3,57.7,1.8
2025-11-09,16:24,Field_028,22.98524,88.44048,191.8,13.0,103.4,7.18,0.55,34.6,36.4,77.3,3.3
2025-11-09,07:46,Field_001,22.849,88.41159,157.0,28.2,110.2,7.01,0.61,35.3,21.7,100.3,3.2
2025-11-09,14:39,Field_029,23.02308,88.39335,211.2,20.9,98.7,7.66,0.66,31.2,31.5,59.8,2.8
2025-11-09,18:26,Field_010,22.89319,88.40686,236.2,33.0,192.6,7.08,0.52,37.1,23.5,60.2,1.8
2025-11-09,09:05,Field_042,22.88139,88.34434,138.4,30.5,151.8,7.06,0.85,39.1,32.0,55.0,2.5
2025-11-09,08:09,Field_020,22.84607,88.44587,101.8,13.8,140.1,7.44,0.54,24.5,28.9,65.3,3.2
2025-11-09,15:53,Field_049,22.96004,88.38223,204.2,25.5,154.1,6.52,0.63,24.3,32.8,79.6,2.7
2025-11-09,13:46,Field_031,22.8781,88.44611,120.1,32.6,133.7,7.38,0.58,40.5,21.5,73.3,1.6
2025-11-09,15:24,Field_047,23.06508,88.36184,220.2,21.9,102.0,7.04,0.65,37.5,35.8,99.5,2.7
2025-11-09,19:19,Field_028,22.91455,88.34287,238.9,26.0,149.2,6.68,0.67,29.8,22.3,84.6,2.3
2025-11-09,19:09,Field_004,22.99453,88.44524,258.5,19.5,117.5,6.99,0.3,32.0,27.0,77.9,3.1
2025-11-09,20:44,Field_041,22.91894,88.38277,154.5,18.8,162.5,7.09,0.54,39.8,30.0,61.6,2.1
2025-11-09,11:17,Field_049,22.83857,88.49477,84.6,14.9,78.7,7.1,0.55,36.8,27.6,82.3,1.9
2025-11-09,09:43,Field_038,22.93479,88.38352,133.6,16.2,161.2,7.45,0.2,43.2,35.0,56.5,3.0
2025-11-09,18:00,Field_003,23.02863,88.43519,222.0,23.8,99.3,7.02,0.45,45.4,27.2,76.4,3.5
2025-11-09,18:58,Field_003,22.96611,88.38493,162.8,27.6,208.9,6.91,0.48,39.1,28.3,78.7,3.4
2025-11-09,13:04,Field_009,22.96841,88.52677,183.5,22.9,179.9,7.41,0.62,30.1,33.7,71.2,3.0
2025-11-09,10:21,Field_045,22.91955,88.36126,228.5,9.7,90.0,7.18,0.58,29.9,38.3,76.2,3.2
2025-11-09,09:10,Field_016,22.89835,88.4664,193.4,31.2,161.7,7.12,0.85,28.1,26.5,86.4,2.5
2025-11-09,07:09,Field_007,22.9516,88.4809,132.1,12.4,125.9,6.51,0.36,23.6,27.0,65.9,2.7
2025-11-09,17:11,Field_016,22.9355,88.42109,241.0,31.1,191.7,6.58,0.6,32.9,29.8,83.8,2.4
2025-11-09,10:02,Field_047,22.94321,88.32807,229.9,38.2,136.2,7.92,0.43,24.4,22.9,72.5,1.4
2025-11-09,18:43,Field_030,22.90698,88.39944,181.7,26.8,154.7,6.36,0.36,25.0,28.5,67.2,1.1
2025-11-09,10:38,Field_019,22.84097,88.45866,180.0,12.2,162.0,7.65,0.41,30.7,25.4,62.3,2.0
2025-11-09,12:55,Field_036,22.96672,88.41195,169.5,24.7,125.9,7.34,0.49,31.3,31.7,66.7,2.5
2025-11-09,15:53,Field_032,22.87104,88.37893,166.6,23.1,132.3,6.64,0.45,28.6,36.4,64.3,2.1
2025-11-09,11:44,Field_044,22.98918,88.42212,230.1,24.0,127.2,6.86,0.68,34.2,29.5,78.0,1.3
2025-11-09,10:06,Field_003,22.97804,88.43715,143.8,13.1,145.5,6.75,0.71,33.9,33.2,58.0,3.1
2025-11-09,11:24,Field_003,23.04497,88.4025,145.9,31.8,136.1,7.42,0.61,30.0,35.6,65.0,1.2
2025-11-09,16:19,Field_036,22.96074,88.43593,168.7,21.5,180.0,7.72,0.26,35.6,28.9,76.6,1.6
2025-11-09,16:20,Field_042,22.90547,88.3837,177.7,15.7,168.5,7.61,0.57,38.5,34.0,59.7,1.5
2025-11-09,13:45,Field_032,22.90075,88.43636,216.1,29.3,202.5,7.07,0.47,19.4,16.6,76.5,2.4
2025-11-09,15:22,Field_049,22.94432,88.32763,257.5,17.5,92.4,6.91,0.41,31.7,31.4,80.0,3.0
2025-11-09,15:55,Field_025,22.94076,88.5137,217.6,12.6,192.6,7.48,0.51,33.8,27.9,89.7,2.0
2025-11-09,14:51,Field_037,22.92025,88.38168,224.4,21.9,130.5,6.96,0.65,33.8,29.1,85.2,2.3
2025-11-09,08:51,Field_046,22.9841,88.4095,177.4,25.0,106.7,6.27,0.44,26.6,29.8,73.7,2.7
2025-11-09,09:25,Field_028,22.95038,88.48703,116.5,31.7,147.0,6.44,0.24,25.2,34.0,81.0,2.4
2025-11-09,11:33,Field_032,22.98873,88.40968,205.7,20.6,156.9,7.07,0.33,34.8,22.5,79.4,2.1
2025-11-09,18:31,Field_017,22.9375,88.37956,230.2,34.4,179.7,6.58,0.5,30.5,25.0,88.6,2.7
2025-11-09,09:25,Field_033,22.94986,88.36943,144.5,24.8,142.8,6.89,0.77,34.5,31.7,77.7,2.6
2025-11-09,22:06,Field_045,22.952,88.38453,180.8,29.7,76.8,7.4,0.49,38.1,31.2,65.7,2.5
2025-11-09,10:29,Field_031,23.02423,88.39678,131.5,30.2,141.5,7.07,0.44,42.4,42.2,67.2,2.7
2025-11-09,09:54,Field_022,22.88661,88.34799,183.5,33.8,92.5,6.69,0.38,33.7,23.9,59.9,1.5
2025-11-09,09:08,Field_046,22.94203,88.43269,118.9,41.9,97.1,7.41,0.4,28.3,31.9,80.3,1.7
2025-11-09,18:14,Field_006,22.9271,88.35001,163.1,34.3,141.7,7.98,0.44,34.9,29.1,76.5,2.1
2025-11-09,20:18,Field_048,23.00034,88.36395,131.9,11.4,158.7,7.47,0.48,27.2,18.9,48.3,2.9
2025-11-09,22:41,Field_029,23.01662,88.45791,178.8,14.4,123.0,6.11,0.52,40.4,32.0,70.8,2.1
2025-11-09,13:21,Field_001,22.87206,88.42673,198.3,42.2,202.5,6.63,0.85,27.8,29.6,55.5,3.1
2025-11-09,15:24,Field_023,22.9051,88.39902,165.1,16.3,134.6,7.17,0.63,45.0,30.3,81.5,2.5
2025-11-09,19:58,Field_048,22.97301,88.42006,254.2,33.2,158.7,7.41,0.49,29.0,24.3,68.7,2.2
2025-11-09,06:22,Field_006,22.95496,88.40197,190.6,13.4,143.9,6.43,0.6,19.2,18.7,78.2,2.2
2025-11-09,09:35,Field_019,22.94693,88.32423,168.9,24.0,138.7,6.96,0.63,29.3,29.8,73.3,2.7
2025-11-09,21:36,Field_016,22.95277,88.54037,243.8,36.6,158.2,6.63,0.71,14.9,30.0,81.0,2.6
2025-11-09,17:58,Field_016,22.9846,88.49438,131.0,23.8,138.3,7.27,0.53,27.7,29.1,66.6,2.8
2025-11-09,21:34,Field_008,22.92933,88.38201,139.4,16.8,135.8,6.42,0.33,32.4,35.5,77.3,3.2
2025-11-09,09:05,Field_033,22.98889,88.44229,198.8,15.0,116.6,7.27,0.58,35.0,25.4,84.2,2.4
2025-11-09,18:41,Field_015,22.93333,88.46908,171.0,34.7,147.5,7.11,0.45,23.9,27.6,86.9,2.2
2025-11-09,18:49,Field_042,23.0068,88.41902,241.4,35.5,170.3,6.13,0.69,36.2,29.3,52.7,2.0
2025-11-09,08:16,Field_012,22.9235,88.40484,143.7,21.6,132.4,6.91,0.83,34.3,30.4,75.4,2.9
2025-11-09,22:53,Field_048,22.95169,88.49328,182.6,18.1,133.2,7.27,0.71,31.4,31.0,67.4,2.8
2025-11-09,08:57,Field_044,22.91472,88.3896,158.9,28.2,142.8,7.41,0.54,33.1,37.3,65.6,2.3
2025-11-09,12:20,Field_019,22.95406,88.39266,169.1,35.7,150.1,7.28,0.56,29.5,29.9,85.9,1.9
2025-11-09,15:30,Field_022,23.01,88.32321,251.5,36.3,176.8,7.14,0.48,25.5,19.9,76.4,3.1
2025-11-09,07:47,Field_017,22.97543,88.43785,174.7,20.8,113.9,6.4,0.7,31.0,21.8,61.7,2.0
2025-11-09,20:57,Field_007,22.96855,88.43263,109.6,26.5,137.8,7.47,0.44,33.2,37.6,69.7,1.7
2025-11-09,18:58,Field_027,22.90066,88.39894,232.3,14.5,101.0,6.88,0.61,29.3,25.4,81.7,2.8
2025-11-09,21:51,Field_015,23.02237,88.51857,110.1,33.3,150.3,7.83,0.47,37.4,26.5,82.8,3.9
2025-11-09,11:53,Field_033,22.97971,88.44237,162.5,29.6,177.9,7.08,0.24,20.2,24.6,69.4,3.2
2025-11-09,19:40,Field_044,22.89959,88.42188,183.8,31.0,41.3,6.84,0.49,32.3,28.1,72.3,2.6
2025-11-09,17:04,Field_012,22.98787,88.46936,150.8,24.3,169.4,6.69,0.59,32.9,32.4,76.6,2.9
2025-11-09,15:28,Field_002,22.92901,88.36442,206.4,13.7,120.8,6.98,0.21,31.4,36.6,74.3,2.1
2025-11-09,21:04,Field_024,22.85558,88.39169,156.8,23.0,143.9,6.93,0.54,31.1,23.1,59.7,1.8
2025-11-09,17:46,Field_014,22.97137,88.30967,227.1,39.2,140.4,7.01,0.47,22.2,25.2,86.6,3.1
2025-11-09,22:58,Field_036,22.92388,88.34166,174.3,18.0,132.7,6.63,0.56,33.9,35.0,64.1,3.5
2025-11-09,20:16,Field_012,22.94206,88.45263,148.2,18.0,114.9,6.76,0.5,34.0,24.1,71.1,2.6
2025-11-09,15:16,Field_030,22.92012,88.30357,194.6,25.3,85.8,7.24,0.63,23.2,37.4,77.5,1.4
2025-11-09,22:21,Field_027,22.93635,88.26349,183.0,34.3,94.3,6.71,0.62,16.6,25.3,73.5,2.2
2025-11-09,13:01,Field_014,22.90296,88.37025,208.7,26.3,174.8,7.38,0.59,34.3,34.1,65.9,3.4
2025-11-15,17:06,Field_003,22.90582,88.41439,199.8,27.9,145.6,7.17,0.22,30.4,21.1,69.6,3.3
2025-11-15,17:04,Field_009,22.9842,88.48999,158.0,18.2,150.4,7.29,0.69,26.2,30.2,63.1,1.6
2025-11-15,06:58,Field_004,22.89272,88.44499,160.1,33.9,158.5,6.99,0.67,26.3,24.1,77.1,1.2
2025-11-15,22:01,Field_017,23.01838,88.34834,196.9,31.0,165.3,6.52,0.7,26.0,27.9,53.8,2.4
2025-11-15,15:31,Field_018,22.9693,88.43108,182.0,8.9,154.5,6.71,0.29,34.2,31.8,63.8,3.0
2025-11-15,21:35,Field_023,22.91558,88.36166,108.6,17.6,143.3,7.12,0.25,31.2,30.8,68.4,2.1
2025-11-15,19:14,Field_006,22.91563,88.45491,85.2,20.8,168.6,6.88,0.43,34.6,32.5,72.1,2.0
2025-11-15,16:02,Field_030,22.92659,88.40599,184.0,27.7,153.3,7.15,0.37,37.1,40.5,61.2,2.5
2025-11-15,07:06,Field_047,22.92082,88.42751,181.8,25.5,106.0,7.31,0.76,39.9,27.0,44.2,2.6
2025-11-15,10:48,Field_033,22.94071,88.342,121.9,27.6,210.1,6.64,0.23,42.2,40.6,77.6,2.8
2025-11-15,15:09,Field_018,22.95647,88.38787,87.4,25.2,150.6,6.8,0.38,26.7,31.8,89.7,3.3
2025-11-15,09:37,Field_035,22.94595,88.35838,194.0,21.9,140.2,6.72,0.52,16.6,23.9,64.1,2.5
2025-11-15,21:17,Field_013,22.97738,88.40658,179.6,27.3,215.3,6.81,0.86,37.1,29.8,75.5,0.6
2025-11-15,21:13,Field_045,22.99084,88.35173,165.0,20.0,170.6,6.71,0.62,34.5,20.5,64.9,2.4
2025-11-15,22:30,Field_001,22.93542,88.44621,220.5,27.0,137.4,6.4,0.55,35.4,24.2,57.3,2.6
2025-11-15,09:09,Field_006,22.8899,88.3785,237.1,30.1,154.3,6.27,0.6,24.0,21.7,58.5,2.0
2025-11-15,18:43,Field_001,22.91308,88.39238,157.7,36.6,144.4,6.14,0.64,42.3,30.5,81.9,2.9
2025-11-15,18:08,Field_016,22.92826,88.43921,214.4,27.6,151.0,7.58,0.6,35.8,27.9,65.4,2.3
2025-11-15,06:48,Field_035,22.9198,88.38326,127.3,30.4,158.5,6.88,0.2,27.7,30.3,72.5,2.5
2025-11-15,22:23,Field_014,22.93214,88.43456,120.3,24.4,103.1,7.41,0.61,35.9,25.2,77.4,1.8
2025-11-15,13:12,Field_026,22.94347,88.43962,190.5,13.8,117.0,6.75,0.22,37.6,28.7,64.6,3.0
2025-11-15,19:21,Field_047,22.95707,88.44877,195.2,30.4,151.9,7.75,0.7,42.2,23.5,64.6,1.0
2025-11-15,16:41,Field_023,22.91659,88.46163,194.0,26.2,104.4,7.15,0.45,33.9,28.2,80.8,2.2
2025-11-15,10:52,Field_022,22.86607,88.40248,171.3,20.6,96.9,6.76,0.67,32.6,31.4,58.0,3.4
2025-11-15,19:07,Field_001,23.00603,88.43677,220.5,32.2,151.0,6.74,0.62,33.7,32.4,76.2,2.6
2025-11-15,20:06,Field_036,22.91371,88.30225,143.3,36.4,146.5,6.87,0.72,25.2,26.9,71.4,2.2
2025-11-15,12:24,Field_031,22.93574,88.38499,171.9,18.7,80.6,7.5,0.7,37.2,29.9,71.7,2.1
2025-11-15,10:53,Field_041,22.94701,88.3375,192.2,29.4,165.4,7.14,0.51,38.0,28.3,65.4,2.4
2025-11-15,09:59,Field_040,22.89779,88.4424,254.6,22.4,169.4,7.49,0.7,32.8,24.5,69.2,2.8
2025-11-15,15:04,Field_011,22.99739,88.3635,155.7,32.9,171.4,6.77,0.73,27.7,36.5,75.4,2.7
2025-11-15,06:51,Field_013,23.01182,88.37755,178.0,26.7,138.5,7.12,0.26,31.2,27.6,50.1,2.9
2025-11-15,12:05,Field_006,22.94119,88.49129,223.1,28.8,51.3,7.18,0.36,34.1,34.4,76.9,3.0
2025-11-15,21:11,Field_002,22.99377,88.39417,141.6,20.1,116.8,7.68,0.67,37.2,28.4,67.7,2.7
2025-11-15,11:41,Field_036,23.03976,88.43322,213.7,26.0,139.2,7.14,0.93,33.5,21.7,59.5,2.4
2025-11-15,11:36,Field_043,22.94472,88.3866,246.5,29.3,190.8,7.1,0.42,28.5,28.5,63.7,1.8
2025-11-15,18:49,Field_029,22.96231,88.43496,206.9,19.7,119.4,7.61,0.64,27.9,26.4,60.1,3.1
2025-11-15,12:17,Field_008,22.8995,88.40806,157.9,21.1,146.9,6.8,0.74,31.2,33.2,62.4,2.0
2025-11-15,13:01,Field_021,22.95154,88.40246,128.1,19.3,164.1,7.03,0.44,25.6,32.0,70.3,1.8
2025-11-15,15:06,Field_049,22.98683,88.46644,162.0,21.6,132.2,7.41,0.56,45.0,27.2,87.6,2.0
2025-11-15,20:05,Field_032,22.90746,88.45398,207.7,6.8,140.5,6.21,0.37,29.0,21.7,92.2,3.0
2025-11-15,18:38,Field_045,23.04587,88.37951,198.7,26.2,129.8,6.72,0.86,30.7,32.4,69.9,2.2
2025-11-15,17:40,Field_003,22.96746,88.48741,218.3,21.0,145.9,6.1,0.65,32.9,36.0,62.6,2.8
2025-11-15,17:26,Field_024,22.92786,88.44902,171.6,44.1,137.3,7.05,0.63,37.0,28.4,75.1,2.6
2025-11-15,12:15,Field_029,22.99293,88.46066,175.0,32.2,112.7,7.22,0.4,30.5,30.9,70.1,3.1
2025-11-15,16:49,Field_010,22.98949,88.42128,195.7,24.2,109.0,6.55,0.44,29.5,36.4,82.5,2.1
2025-11-15,18:23,Field_046,22.99627,88.33952,213.8,26.0,89.8,6.94,0.45,33.0,28.3,56.5,2.3
2025-11-15,09:44,Field_017,22.94729,88.47125,167.2,35.6,129.4,6.57,0.65,34.8,39.6,60.2,2.7
2025-11-15,06:33,Field_044,22.93553,88.34854,217.4,26.4,156.7,6.76,0.44,29.5,29.2,76.9,2.4
2025-11-15,12:12,Field_004,22.98647,88.46169,132.3,25.2,110.2,6.84,0.44,35.0,33.3,81.1,1.8
2025-11-15,17:27,Field_011,22.90761,88.37937,165.0,19.7,94.8,7.27,0.67,26.4,21.8,60.6,2.6
2025-11-15,21:35,Field_027,22.9531,88.43217,223.9,16.2,139.3,6.76,0.36,31.7,30.2,74.9,2.3
2025-11-15,13:09,Field_009,22.96202,88.39154,154.7,27.6,146.8,6.97,0.51,35.8,25.2,66.0,2.8
2025-11-15,12:31,Field_003,22.94327,88.43026,137.9,25.6,219.1,7.33,0.54,33.6,27.9,72.3,2.3
2025-11-15,20:45,Field_029,23.02324,88.41446,186.6,30.2,124.4,6.72,0.73,36.7,23.8,89.0,2.2
2025-11-15,22:18,Field_037,22.92986,88.35188,227.4,19.0,191.4,6.88,0.62,41.2,25.8,74.7,2.8
2025-11-15,10:08,Field_034,22.92041,88.29649,181.6,29.1,116.8,7.03,0.46,27.6,26.0,62.9,2.9
2025-11-15,11:52,Field_017,22.99126,88.4241,234.3,28.6,155.7,7.62,0.72,27.0,31.2,63.4,2.8
2025-11-15,07:11,Field_027,22.96123,88.40463,144.7,24.5,109.3,6.76,0.44,37.2,21.4,72.7,2.4
2025-11-15,16:53,Field_041,22.89113,88.38672,189.9,23.9,31.3,7.14,0.63,25.9,17.1,63.2,2.4
2025-11-15,21:06,Field_010,22.90331,88.49791,213.9,27.7,155.9,7.02,0.55,19.0,23.4,64.6,2.8
2025-11-15,16:16,Field_040,22.93049,88.39744,232.6,16.9,201.3,6.51,0.69,29.1,23.4,83.2,2.5
2025-11-15,08:59,Field_039,23.01818,88.42651,219.7,37.1,138.4,6.6,0.55,35.5,25.3,65.8,1.6
2025-11-15,19:50,Field_023,22.95829,88.44455,199.2,37.6,153.8,6.49,0.46,34.4,29.1,83.1,2.5
2025-11-15,22:27,Field_038,22.89992,88.41436,178.5,25.8,133.0,7.01,0.95,33.9,31.2,74.4,2.3
2025-11-15,11:14,Field_015,22.93277,88.39662,172.1,30.8,148.2,6.75,0.41,27.1,29.6,68.1,3.7
2025-11-15,18:06,Field_032,22.98325,88.35701,178.4,29.7,173.1,7.12,0.6,37.9,30.1,80.4,1.2
2025-11-15,10:59,Field_017,22.9156,88.39007,140.4,23.3,163.9,7.05,0.75,25.2,30.5,57.5,2.6
2025-11-15,17:54,Field_016,23.01111,88.38413,164.5,11.9,82.3,6.66,0.48,31.8,31.5,72.2,2.9
2025-11-15,15:06,Field_048,22.9461,88.42875,216.0,35.3,58.9,6.68,0.56,37.0,32.0,74.7,2.1
2025-11-15,17:47,Field_025,22.86443,88.37382,98.0,17.6,93.0,7.01,0.9,36.6,16.8,54.8,1.7
2025-11-15,12:10,Field_014,22.89929,88.36022,127.1,37.0,88.6,7.38,0.33,36.6,32.9,81.5,1.9
2025-11-15,20:28,Field_011,22.89784,88.41506,152.6,26.2,115.5,6.72,0.4,29.8,25.2,74.7,3.2
2025-11-15,13:06,Field_043,22.93764,88.44233,246.5,13.2,169.0,7.36,0.75,16.0,36.3,74.4,2.8
2025-11-15,10:43,Field_039,22.9713,88.40373,153.8,19.9,152.9,6.81,0.83,32.9,34.8,57.5,1.8
2025-11-15,07:18,Field_033,22.8844,88.39892,148.1,35.8,120.7,6.59,0.8,34.8,41.6,50.8,2.6
2025-11-15,20:14,Field_009,22.94394,88.39046,176.9,35.7,178.1,7.75,0.63,43.6,29.2,68.7,2.2
2025-11-15,22:47,Field_034,22.87078,88.3126,183.7,28.5,188.8,7.35,0.65,39.6,30.4,66.6,3.0
2025-11-15,09:54,Field_007,22.90505,88.48344,162.1,21.8,142.3,6.83,0.61,25.7,28.9,62.5,2.4
2025-11-15,12:16,Field_039,22.92799,88.4582,172.1,16.5,180.3,6.35,0.53,35.3,28.6,57.6,1.9
2025-11-15,10:29,Field_029,22.93878,88.42273,207.8,16.8,184.7,7.18,0.53,31.4,27.8,61.7,3.2
2025-11-15,19:14,Field_046,23.0041,88.4067,174.2,33.0,47.1,7.1,0.69,31.3,26.1,72.9,3.3
2025-11-15,22:07,Field_003,22.98637,88.4553,183.1,19.0,121.1,8.29,0.42,35.1,30.0,75.5,2.8
2025-11-15,12:32,Field_007,22.92531,88.37099,203.8,23.3,217.4,7.02,0.37,29.4,31.3,64.0,2.5
2025-11-15,18:27,Field_007,22.95277,88.35515,229.5,32.9,193.8,7.47,0.55,35.7,29.7,60.9,1.7
2025-11-15,22:31,Field_011,22.90881,88.38242,149.2,17.5,83.5,7.03,0.46,37.8,20.8,64.6,3.6
2025-11-15,07:06,Field_025,22.96794,88.44396,198.6,30.8,150.6,6.68,0.81,40.0,24.1,76.5,3.4
2025-11-15,12:50,Field_037,22.90398,88.40835,198.0,15.1,173.5,6.92,0.63,40.7,31.7,69.1,3.7
2025-11-15,15:53,Field_029,22.99131,88.42105,179.4,23.8,181.6,6.74,0.64,27.4,28.6,58.0,2.1
2025-11-15,17:33,Field_008,22.95717,88.44629,112.0,27.2,149.1,7.48,0.49,29.1,35.5,68.3,2.6
2025-11-15,13:16,Field_005,22.95487,88.32259,211.0,29.7,160.5,7.06,0.78,37.2,25.0,64.1,2.0
2025-11-15,16:28,Field_031,22.9307,88.43904,154.7,22.5,129.2,7.36,0.68,33.0,34.4,66.2,3.5
2025-11-15,10:31,Field_038,22.87719,88.37926,271.0,24.6,138.0,7.47,0.74,24.2,30.1,87.6,2.1
2025-11-15,09:54,Field_004,22.94245,88.42663,130.4,31.8,147.6,6.59,0.71,24.6,16.6,78.5,2.7
2025-11-15,12:22,Field_034,22.83528,88.40968,122.4,24.6,77.0,6.34,0.48,27.7,29.9,69.8,3.8
2025-11-15,22:12,Field_047,22.95269,88.358,154.3,22.8,199.0,7.67,0.25,31.6,20.7,59.4,1.4
2025-11-15,19:28,Field_025,22.9805,88.40898,254.0,28.2,55.6,7.42,0.32,33.4,24.1,91.4,3.4
2025-11-15,08:34,Field_005,22.96973,88.38382,197.6,23.8,139.1,6.69,0.33,35.4,31.0,83.0,2.5
2025-11-15,10:29,Field_001,22.97989,88.43144,174.1,0.0,174.9,6.53,0.68,34.9,27.0,79.5,2.8
2025-11-15,09:15,Field_015,22.90627,88.32118,109.8,26.8,174.5,7.37,0.43,40.1,38.2,76.1,3.4
2025-11-15,16:40,Field_003,22.83532,88.40032,130.0,24.1,146.4,6.79,0.69,34.9,26.6,71.3,2.3
2025-11-15,09:22,Field_024,22.85844,88.36524,208.4,28.2,145.6,7.59,0.6,28.5,24.5,67.7,2.2
2025-11-15,13:54,Field_004,22.95457,88.42036,170.5,18.6,167.4,7.33,0.65,37.0,23.1,64.9,3.2
2025-11-15,17:01,Field_016,23.03912,88.37378,191.0,16.8,154.5,7.52,0.74,32.3,25.4,72.4,2.5
2025-11-15,22:50,Field_036,22.96813,88.39393,145.6,24.3,174.5,6.82,0.68,36.4,26.5,83.9,2.3
2025-11-15,07:03,Field_045,23.01531,88.33865,248.5,24.0,105.9,7.3,0.48,31.5,26.0,61.8,2.9
2025-11-15,14:07,Field_042,22.98114,88.38481,171.3,22.5,148.1,6.7,0.77,23.1,30.2,76.4,2.0
2025-11-15,08:08,Field_005,22.96279,88.43125,258.4,11.7,168.9,7.3,0.53,36.7,32.7,56.2,3.5
2025-11-15,18:58,Field_025,22.89108,88.40354,257.2,30.9,117.4,7.02,0.42,28.0,50.4,80.2,3.0
2025-11-15,11:19,Field_002,22.96462,88.42102,229.6,27.3,152.2,6.77,0.45,31.4,14.9,69.7,2.4
2025-11-15,09:52,Field_005,22.94863,88.3645,223.7,21.1,156.1,7.79,0.54,38.7,36.4,80.3,2.5
2025-11-15,13:37,Field_030,22.99427,88.33268,203.0,5.8,65.4,7.45,0.33,30.9,35.0,75.8,2.7
2025-11-15,10:06,Field_020,23.02824,88.39985,199.1,19.5,119.0,7.29,0.41,41.7,34.1,58.6,3.4
2025-11-15,16:58,Field_021,23.00039,88.37662,232.7,19.5,190.3,6.88,0.6,37.9,30.6,80.7,1.6
2025-11-15,15:21,Field_007,22.90016,88.42541,233.8,26.3,83.4,7.27,0.46,38.7,26.1,81.4,2.2
2025-11-15,11:08,Field_011,22.96155,88.35384,159.1,8.0,107.2,6.32,0.6,39.3,23.3,61.0,3.1
2025-11-15,16:55,Field_002,22.98004,88.38694,204.7,28.9,112.0,7.46,0.57,37.8,21.5,71.1,2.2
2025-11-15,08:50,Field_015,22.91359,88.41954,181.4,26.3,55.8,7.01,0.51,34.3,24.7,66.3,2.8
2025-11-15,17:06,Field_033,22.91378,88.37689,111.1,9.2,181.2,6.28,0.59,24.2,23.8,76.8,2.6
2025-11-15,08:54,Field_006,22.89052,88.4452,268.1,12.6,125.4,7.07,0.29,30.7,27.2,74.8,2.0
2025-11-15,10:11,Field_029,22.94371,88.36269,206.9,27.1,92.2,6.88,0.42,24.4,34.0,57.8,2.9
2025-11-15,19:46,Field_018,23.00595,88.51106,182.7,31.3,119.3,7.01,0.52,36.8,34.0,68.9,3.4
2025-11-15,19:35,Field_011,22.89594,88.41437,173.2,27.8,155.9,6.22,0.48,34.0,32.1,66.7,1.4
2025-11-15,16:34,Field_039,22.92103,88.34444,177.9,34.2,122.8,7.36,0.73,27.4,24.6,77.1,2.6
2025-11-15,21:15,Field_023,22.91292,88.37363,157.4,19.2,120.5,7.46,0.79,21.9,23.9,51.4,2.5
2025-11-15,07:20,Field_038,22.90902,88.28793,237.6,32.1,128.4,7.25,0.22,34.9,23.7,86.7,2.7
2025-11-15,17:22,Field_044,22.89519,88.3395,123.8,34.1,105.1,7.25,0.57,39.9,30.5,69.7,3.7
2025-11-15,22:44,Field_033,23.03483,88.39415,203.6,19.6,155.5,6.8,0.84,30.0,27.2,77.7,2.8
2025-11-15,11:13,Field_037,22.87821,88.40056,88.7,27.0,166.7,6.62,0.51,25.1,15.1,80.3,2.5
2025-11-15,18:56,Field_012,22.9757,88.30907,172.9,18.2,134.4,7.04,0.54,30.4,28.8,87.5,3.3
2025-11-15,11:39,Field_025,22.94012,88.39457,221.3,13.4,190.9,6.93,0.44,22.4,31.5,68.3,2.6
2025-11-15,16:36,Field_044,23.00646,88.41334,137.3,28.4,179.4,6.64,0.67,33.5,28.5,63.6,2.4
2025-11-15,18:53,Field_007,22.86497,88.35376,181.5,21.1,150.6,7.51,0.49,39.3,27.4,73.4,2.4
2025-11-15,11:08,Field_028,22.97087,88.38371,236.8,29.3,144.4,7.16,0.49,24.6,32.8,69.3,1.4
2025-11-15,20:02,Field_002,22.90671,88.42359,223.9,27.0,110.7,7.71,0.49,36.8,33.4,70.1,1.8
2025-11-15,10:33,Field_023,22.96562,88.31106,167.0,42.4,132.8,7.53,0.41,29.9,26.9,89.5,2.3
2025-11-15,15:29,Field_021,22.9834,88.41929,100.2,16.0,160.4,7.1,0.65,36.7,29.2,74.2,2.2
2025-11-15,17:49,Field_044,22.9767,88.39587,181.3,33.7,166.7,7.77,0.57,27.9,27.1,74.2,3.1
2025-11-15,17:43,Field_038,22.90973,88.43253,182.9,32.6,116.2,7.11,0.68,41.3,22.5,68.3,1.7
2025-11-15,19:43,Field_029,22.97736,88.38848,171.0,32.4,169.7,6.43,0.82,38.9,26.6,62.1,3.2
2025-11-15,17:01,Field_001,23.06449,88.38473,137.8,22.6,120.8,7.33,0.52,41.0,26.8,59.2,2.4
2025-11-15,10:48,Field_042,22.89121,88.39247,158.4,32.5,61.6,6.42,0.53,41.3,29.1,56.5,1.8
2025-11-15,17:56,Field_029,22.95666,88.47391,110.6,31.9,101.6,7.34,0.48,27.1,25.0,55.5,2.5
2025-11-15,14:46,Field_038,22.87887,88.5227,238.2,42.3,142.2,7.22,0.48,37.3,21.9,44.6,2.0
2025-11-15,13:20,Field_048,22.92099,88.45735,207.2,18.8,148.8,7.48,0.63,32.9,31.1,77.1,2.2
2025-11-15,07:03,Field_018,22.93111,88.40799,249.2,11.6,149.7,7.83,0.57,24.6,24.9,72.1,3.3
2025-11-15,18:01,Field_022,22.9639,88.36029,157.9,28.3,136.5,6.66,0.37,30.6,17.7,66.8,3.2
2025-11-15,12:52,Field_048,23.0064,88.45801,187.7,12.9,202.3,7.22,0.46,34.4,20.4,80.6,1.6
2025-11-15,09:51,Field_041,22.94055,88.40839,254.4,21.1,163.8,7.1,0.66,34.0,27.8,73.8,2.8
2025-11-15,07:12,Field_045,23.02376,88.37557,111.4,26.4,161.5,6.93,0.36,23.5,39.4,55.9,1.5
2025-11-15,12:43,Field_002,22.94815,88.4317,140.2,34.1,127.9,6.99,0.22,29.2,25.6,74.5,2.2
2025-11-15,08:04,Field_039,22.971,88.37015,141.0,26.7,177.3,7.42,0.42,32.6,25.7,68.5,3.0
2025-11-15,18:15,Field_014,22.90125,88.4564,147.3,17.0,174.2,6.53,0.4,34.2,25.3,71.2,2.3
2025-11-15,09:34,Field_014,22.95371,88.421,262.4,21.0,125.8,7.48,0.57,34.7,25.0,62.7,1.8
2025-11-15,19:22,Field_048,22.94467,88.41027,228.4,29.7,104.9,6.74,0.48,28.4,35.6,50.8,2.9
2025-11-15,14:40,Field_003,23.00299,88.38784,198.2,23.1,214.1,6.79,0.44,29.1,30.1,84.3,2.8
2025-11-15,08:57,Field_013,22.95242,88.36853,108.7,27.2,144.0,7.21,0.56,25.5,24.0,83.4,2.7
2025-11-15,22:20,Field_003,22.92571,88.38007,190.7,33.0,166.8,7.07,0.8,36.0,32.0,68.4,2.3
2025-11-15,13:26,Field_049,22.83485,88.41896,153.3,15.2,118.7,6.69,0.55,30.7,30.2,69.9,3.1
2025-11-15,13:50,Field_032,22.88297,88.32906,183.6,20.5,146.3,6.56,0.62,33.1,25.7,76.2,2.8
2025-11-15,10:42,Field_031,22.94127,88.42339,163.3,19.6,151.9,5.7,0.47,34.0,26.0,83.0,2.1
2025-11-15,22:22,Field_042,22.89444,88.38278,157.9,25.4,186.6,6.94,0.54,42.7,32.4,75.7,3.7
2025-11-15,20:48,Field_032,22.91149,88.41364,175.1,31.9,98.7,7.46,0.32,27.0,22.8,64.2,2.7
2025-11-15,10:46,Field_040,22.97403,88.37602,147.4,26.9,146.3,7.36,0.36,37.6,28.6,80.7,3.1
2025-11-15,18:20,Field_039,23.02194,88.3525,153.2,15.4,142.6,7.3,0.73,28.0,26.2,75.0,3.1
2025-11-15,11:31,Field_026,22.94695,88.40782,136.8,22.3,189.0,7.67,0.38,16.0,34.2,88.2,3.0
2025-11-15,16:09,Field_033,22.84706,88.41983,165.4,39.7,150.9,7.28,0.41,30.7,30.0,66.4,2.4
2025-11-16,06:38,Field_025,22.95508,88.41551,196.3,23.5,109.1,7.39,0.37,29.0,28.1,74.9,2.3
2025-11-16,20:24,Field_046,22.9732,88.38693,110.0,29.6,111.3,6.87,0.81,37.7,36.1,63.2,2.9
2025-11-16,12:43,Field_038,22.93274,88.3882,223.2,7.7,122.5,6.3,0.51,29.2,28.4,64.0,2.0
2025-11-16,12:11,Field_040,22.96971,88.49675,170.1,14.5,189.5,6.46,0.62,30.4,28.4,82.3,2.0
2025-11-16,06:29,Field_004,22.93024,88.43498,172.8,26.1,119.8,7.54,0.36,31.3,36.9,82.8,2.0
2025-11-16,10:19,Field_011,22.86923,88.4888,184.0,22.4,139.4,7.17,0.63,30.2,18.3,64.6,1.6
2025-11-16,14:15,Field_038,22.97832,88.37056,218.2,30.3,130.4,7.08,0.41,26.7,27.9,77.5,2.3
2025-11-16,10:51,Field_024,22.9818,88.33326,175.0,38.1,168.8,6.63,0.54,27.0,27.7,80.4,2.9
2025-11-16,12:28,Field_021,23.01205,88.44232,121.5,26.9,134.1,7.45,0.7,39.9,22.4,62.2,3.2
2025-11-16,21:38,Field_045,23.02954,88.39175,184.5,20.6,123.3,7.28,0.51,37.0,27.8,58.6,2.1
2025-11-16,22:19,Field_014,23.05692,88.44476,208.6,40.3,151.1,7.41,0.58,37.0,33.8,80.6,1.6
2025-11-16,21:41,Field_013,22.95426,88.41231,148.4,12.2,121.4,7.47,0.52,31.9,32.0,54.0,2.8
2025-11-16,12:19,Field_028,22.93766,88.32198,224.5,31.9,119.9,7.51,0.77,31.3,25.7,92.6,2.9
2025-11-16,16:48,Field_024,23.01915,88.37441,241.8,36.3,137.7,6.77,0.51,48.0,37.4,71.3,2.1
2025-11-16,07:52,Field_044,22.94057,88.39004,172.6,12.5,145.7,7.32,0.45,26.5,27.3,77.8,1.9
2025-11-16,19:29,Field_007,22.90718,88.40572,189.2,23.7,119.1,7.18,0.57,31.7,26.4,67.1,2.0
2025-11-16,09:46,Field_010,23.0361,88.47109,141.4,34.0,153.7,6.74,0.52,27.7,28.2,62.7,1.9
2025-11-16,09:28,Field_020,22.95424,88.31076,101.5,19.8,126.0,6.46,0.4,30.5,33.2,79.7,3.1
2025-11-16,09:23,Field_013,23.02542,88.36356,160.0,46.8,110.8,7.63,0.55,25.5,20.8,71.1,1.8
2025-11-16,14:23,Field_039,22.93585,88.32892,101.2,26.8,157.4,6.71,0.46,27.4,23.7,76.9,1.8
2025-11-16,10:15,Field_036,22.91556,88.45425,148.8,3.7,161.9,6.63,0.32,34.9,23.6,55.9,3.3
2025-11-16,06:15,Field_045,22.92453,88.37104,212.9,26.7,155.2,7.5,0.6,41.2,32.6,64.8,3.3
2025-11-16,18:28,Field_043,22.96752,88.43114,228.1,20.5,100.9,6.67,0.57,32.0,31.1,78.3,1.4
2025-11-16,06:56,Field_011,22.94877,88.4418,219.8,28.7,126.2,7.36,0.45,42.5,27.6,54.6,1.8
2025-11-16,18:38,Field_011,22.92365,88.38964,219.6,17.1,116.1,7.09,0.51,26.7,31.5,75.2,3.0
2025-11-16,10:21,Field_034,22.88972,88.33735,212.7,11.3,123.5,6.85,0.59,33.4,30.0,68.5,1.9
2025-11-16,21:52,Field_018,22.97612,88.38241,176.1,32.5,95.7,6.91,0.63,25.6,10.3,84.5,2.5
2025-11-16,19:36,Field_019,22.89869,88.44357,226.4,25.3,198.1,7.07,0.68,43.7,24.9,64.8,3.0
2025-11-16,11:54,Field_022,22.93414,88.50538,137.0,13.8,96.5,6.53,0.66,42.1,36.6,51.2,3.0
2025-11-16,15:53,Field_035,22.9145,88.33525,117.6,20.7,149.3,6.54,0.58,37.2,21.4,72.1,2.8
2025-11-16,08:18,Field_031,22.97851,88.35056,231.4,21.3,142.9,6.91,0.63,33.0,32.5,76.6,2.7
2025-11-16,06:58,Field_045,22.86059,88.35661,214.2,17.1,130.0,6.6,0.46,23.0,34.4,80.1,2.0
2025-11-16,06:04,Field_020,23.00625,88.4153,218.6,5.4,140.6,7.1,0.55,32.1,26.4,92.6,2.6
2025-11-16,11:34,Field_026,22.83387,88.40362,223.1,11.0,152.8,7.26,0.54,31.7,34.0,55.1,3.0
2025-11-16,07:19,Field_044,22.96675,88.47332,131.3,34.6,90.1,6.81,0.55,34.5,28.0,71.8,2.5
2025-11-16,15:29,Field_037,22.87748,88.30072,231.8,24.1,177.7,7.37,0.33,26.9,36.1,57.6,2.7
2025-11-16,20:32,Field_005,22.91225,88.49483,178.2,19.4,180.9,7.02,0.5,33.2,24.7,59.8,2.4
2025-11-16,08:52,Field_003,22.96639,88.39884,249.0,25.8,120.4,6.69,0.69,24.9,34.8,50.8,3.2
2025-11-16,11:44,Field_001,22.93051,88.4139,96.6,35.7,80.3,6.66,0.5,26.0,22.4,84.1,3.6
2025-11-16,12:55,Field_015,23.03637,88.40327,120.1,19.6,175.9,6.8,0.56,33.5,37.0,78.8,2.9
2025-11-16,11:36,Field_005,22.92618,88.36665,269.2,26.0,161.8,6.98,0.6,19.7,36.4,62.8,3.2
2025-11-16,09:09,Field_028,23.0029,88.31994,169.7,24.6,169.4,6.3,0.39,42.8,24.0,51.5,2.1
2025-11-16,13:27,Field_030,22.95642,88.39055,225.2,23.8,206.8,7.48,0.45,32.4,23.1,66.1,3.0
2025-11-16,06:16,Field_049,22.9979,88.45239,194.6,31.6,109.4,6.8,0.75,41.4,22.3,72.5,2.2
2025-11-16,14:46,Field_037,23.00482,88.3724,292.1,31.1,131.0,6.8,0.43,28.5,27.5,69.6,1.7
2025-11-16,14:00,Field_036,22.90142,88.52533,166.0,24.8,164.6,6.98,0.4,26.0,32.0,73.0,3.0
2025-11-16,17:19,Field_047,22.86395,88.35088,162.8,35.9,171.5,7.65,0.8,28.8,27.1,65.9,2.1
2025-11-16,20:01,Field_032,22.96401,88.4353,158.0,31.0,127.3,6.42,0.46,35.2,25.9,59.3,1.7
2025-11-16,20:58,Field_029,22.98212,88.36521,158.1,30.1,119.9,7.1,0.31,35.5,27.0,74.1,3.2
2025-11-16,19:34,Field_011,22.94373,88.36833,188.9,28.9,133.9,6.8,0.66,29.5,29.4,75.3,1.7
2025-11-16,08:12,Field_034,22.97394,88.31212,196.2,25.7,127.2,7.18,0.51,30.0,21.6,74.0,1.7
2025-11-16,09:20,Field_039,22.92341,88.44087,199.6,9.3,155.5,7.69,0.1,36.1,27.2,61.5,3.0
2025-11-16,08:58,Field_009,23.00751,88.32699,151.7,25.6,105.0,7.64,0.76,28.8,36.9,70.0,4.1
2025-11-16,07:25,Field_002,22.95761,88.40252,230.5,32.4,137.1,7.7,0.46,20.5,17.1,58.2,3.0
2025-11-16,21:40,Field_029,22.95629,88.38516,235.4,33.7,161.8,6.76,0.96,22.6,19.1,73.8,2.3
2025-11-16,17:18,Field_034,22.99794,88.3343,188.2,22.3,178.9,6.89,0.62,32.7,15.6,55.6,2.7
2025-11-16,17:28,Field_005,22.98418,88.3987,242.1,18.6,151.5,6.15,0.49,32.9,26.4,58.9,2.1
2025-11-16,20:32,Field_017,22.94748,88.48398,168.0,21.1,114.3,6.79,0.34,28.1,21.9,77.2,3.4
2025-11-16,15:55,Field_046,22.90707,88.42168,201.9,12.7,139.9,6.19,0.77,24.1,27.1,70.0,1.9
2025-11-16,11:32,Field_027,22.91207,88.45916,159.8,21.4,71.9,6.8,0.8,35.7,33.5,71.2,0.9
2025-11-16,18:26,Field_034,22.88404,88.39214,159.0,27.7,114.9,6.75,0.71,32.9,24.5,70.2,3.3
2025-11-16,19:51,Field_041,22.99378,88.45297,170.5,28.7,84.6,7.9,0.52,29.1,26.7,60.5,1.8
2025-11-16,09:37,Field_039,22.9841,88.35868,143.9,25.9,114.5,7.04,1.0,27.8,29.7,52.4,2.8
2025-11-16,18:53,Field_026,23.02017,88.36594,180.7,32.1,145.8,7.27,0.65,29.5,22.9,62.5,1.8
2025-11-16,08:42,Field_034,22.93696,88.40305,148.5,28.8,111.2,7.03,0.62,40.7,32.0,70.9,2.5
2025-11-16,10:29,Field_026,22.87288,88.39108,130.1,49.9,177.1,7.03,0.75,36.2,22.2,63.7,3.1
2025-11-16,18:40,Field_003,22.94937,88.41038,126.1,23.7,149.7,7.11,0.44,25.4,33.2,78.9,2.4
2025-11-16,21:20,Field_010,23.01462,88.31504,168.1,13.2,127.6,7.52,0.36,30.5,32.3,62.2,2.7
2025-11-16,10:00,Field_045,22.92994,88.4388,175.8,18.6,200.5,7.63,0.52,34.2,25.7,52.9,3.3
2025-11-16,17:24,Field_030,22.95716,88.51928,257.4,34.3,156.9,7.31,0.67,41.9,25.5,62.4,2.5
2025-11-16,14:30,Field_005,23.05392,88.42526,195.8,26.6,124.8,7.3,0.72,23.6,40.8,86.2,2.2
2025-11-16,08:08,Field_030,22.97762,88.37658,212.9,16.4,125.6,7.24,0.38,22.6,28.3,53.0,1.7
2025-11-16,16:52,Field_012,22.98551,88.3962,172.2,27.6,199.4,6.54,0.41,32.2,38.2,59.3,2.5
2025-11-16,14:35,Field_041,22.94684,88.34817,141.8,30.0,139.8,7.58,0.67,29.9,27.8,82.9,3.4
2025-11-16,17:42,Field_033,23.00856,88.45193,177.9,29.1,162.5,7.87,0.53,24.9,31.1,70.6,2.6
2025-11-16,21:03,Field_018,22.94853,88.35808,225.7,29.6,172.1,7.08,0.61,31.1,27.9,65.8,3.3
2025-11-16,21:37,Field_027,22.97752,88.39504,149.5,13.7,111.4,7.31,0.81,32.7,23.0,74.2,3.1
2025-11-16,15:17,Field_029,22.95713,88.34,159.6,28.5,141.5,6.97,0.84,36.4,32.3,68.3,2.6
2025-11-16,19:38,Field_003,22.91621,88.4347,156.2,22.7,102.0,7.2,0.63,30.1,31.6,51.4,2.1
2025-11-16,14:52,Field_004,22.98183,88.40691,194.6,20.1,51.5,7.41,0.63,36.3,26.9,73.5,1.3
2025-11-16,20:41,Field_026,22.92728,88.4626,157.5,22.9,114.3,6.72,0.57,30.4,17.6,84.4,3.5
2025-11-16,18:44,Field_016,23.00312,88.33746,185.0,9.7,88.2,6.66,0.64,28.8,32.9,85.0,2.3
2025-11-16,10:57,Field_035,22.95218,88.36176,240.8,30.0,174.4,6.3,0.68,36.7,26.0,68.1,1.9
2025-11-16,20:25,Field_043,22.87573,88.39742,175.4,11.4,167.1,7.38,0.63,37.3,27.1,64.9,3.1
2025-11-16,15:48,Field_018,22.99276,88.46669,200.2,20.5,113.8,6.84,0.42,31.0,24.2,56.2,2.7
2025-11-16,12:51,Field_035,23.02428,88.3836,211.9,27.1,106.0,7.46,0.48,43.2,24.2,60.0,2.1
2025-11-16,22:39,Field_014,22.93311,88.36009,150.7,20.6,215.3,7.72,0.66,26.2,32.5,67.6,1.2
2025-11-16,11:44,Field_022,23.02601,88.39032,164.0,27.1,167.8,6.85,0.87,39.4,24.2,69.2,2.8
2025-11-16,10:10,Field_022,22.94828,88.45348,136.9,30.3,140.7,7.11,0.69,24.3,32.1,64.3,3.2
2025-11-16,11:31,Field_015,22.87757,88.3758,133.3,24.3,179.9,7.24,0.66,36.3,34.1,78.6,2.6
2025-11-16,09:56,Field_012,22.94318,88.38969,165.4,14.2,181.1,6.62,0.39,39.2,21.0,67.0,1.9
2025-11-16,20:10,Field_010,22.93831,88.49114,150.6,25.5,187.0,6.65,0.45,36.8,25.7,55.2,2.0
2025-11-16,10:41,Field_032,22.9476,88.35598,186.9,20.4,170.4,6.66,0.59,30.4,29.3,69.4,2.0
2025-11-16,17:10,Field_009,23.03013,88.43023,124.8,21.1,144.5,6.36,0.76,36.5,31.0,83.2,2.9
2025-11-16,11:04,Field_043,22.8935,88.41608,139.7,40.5,141.1,6.85,0.47,34.0,30.6,53.5,3.3
2025-11-16,13:54,Field_012,22.91304,88.36722,159.8,36.6,158.0,7.34,0.28,32.2,26.1,74.9,3.9
2025-11-16,14:07,Field_039,22.96632,88.41426,165.7,20.0,168.3,7.25,0.4,29.4,34.7,79.8,1.8
2025-11-16,21:57,Field_025,22.95228,88.37963,172.5,24.2,168.5,7.14,0.36,35.3,25.3,59.1,1.8
2025-11-16,10:44,Field_006,22.95669,88.39664,183.9,18.2,201.9,7.07,0.57,31.5,19.9,63.3,1.8
2025-11-16,16:31,Field_044,23.0581,88.49773,130.2,24.3,170.8,7.01,0.57,29.7,25.9,69.1,2.5
2025-11-16,13:51,Field_027,22.88653,88.26545,148.8,33.2,189.7,6.2,0.74,28.4,20.9,80.6,2.2
2025-11-16,17:56,Field_027,22.92957,88.31297,159.1,12.6,97.7,6.67,0.6,33.6,24.6,47.7,3.4
2025-11-16,17:51,Field_005,22.95549,88.41232,188.6,24.1,162.6,7.31,0.3,40.1,20.6,65.9,2.0
2025-11-16,14:43,Field_003,22.98284,88.31217,221.2,29.9,106.3,7.16,0.52,35.0,19.0,66.5,3.2
2025-11-16,14:58,Field_041,22.97708,88.40881,202.0,31.9,114.6,7.12,0.52,25.4,31.6,64.4,1.6
2025-11-16,20:41,Field_008,22.9678,88.37374,194.9,14.4,133.3,6.69,0.53,31.3,32.3,76.6,2.7
2025-11-16,19:53,Field_040,22.99743,88.36784,138.5,21.7,183.0,6.15,0.56,30.2,34.0,79.8,1.6
2025-11-16,09:09,Field_046,23.02301,88.48486,162.1,25.2,187.7,7.31,0.52,27.4,23.8,79.5,2.3
2025-11-16,08:24,Field_039,22.96019,88.37727,131.5,18.8,137.9,7.67,0.39,33.8,30.0,82.2,2.6
2025-11-16,11:27,Field_033,22.99862,88.39788,200.8,24.1,180.5,6.84,0.31,25.4,30.2,63.4,3.3
2025-11-16,16:23,Field_011,22.97719,88.36607,158.9,45.0,152.4,6.83,0.31,21.9,22.4,71.0,3.2
2025-11-16,17:57,Field_041,22.94259,88.44009,139.7,23.7,137.5,7.49,0.58,42.5,21.3,71.3,2.6
2025-11-16,13:16,Field_037,22.9444,88.44755,220.0,1.7,162.5,7.01,0.35,37.3,39.2,75.6,3.2
2025-11-16,08:18,Field_017,22.94255,88.39903,102.8,23.9,92.9,7.26,0.32,38.1,26.0,64.6,2.7
2025-11-16,14:39,Field_011,22.96638,88.40287,204.3,25.8,69.7,6.3,0.84,32.0,32.8,66.5,2.5
2025-11-16,21:07,Field_048,22.9928,88.37686,206.9,20.2,105.3,7.47,0.53,35.1,30.1,76.4,1.6
2025-11-16,11:38,Field_003,22.94051,88.47801,226.5,27.4,198.6,7.12,0.56,40.8,21.0,71.7,2.7
2025-11-16,14:14,Field_026,22.87615,88.40041,159.4,25.4,121.1,6.37,0.5,25.7,30.1,79.3,2.1
2025-11-16,15:50,Field_016,22.97774,88.35965,143.0,30.1,134.8,7.09,0.36,26.5,36.2,63.4,2.4
2025-11-16,20:36,Field_049,22.92815,88.49622,217.8,33.0,121.6,6.39,0.52,29.1,31.0,68.0,3.3
2025-11-16,12:10,Field_046,22.91084,88.33505,110.0,35.0,171.6,6.89,0.59,38.4,27.0,52.4,1.5
2025-11-16,11:29,Field_001,22.95036,88.34168,153.5,20.9,147.9,6.46,0.43,30.6,21.3,52.4,2.5
2025-11-16,09:45,Field_026,22.96304,88.3692,227.4,21.7,125.5,6.71,0.45,30.6,30.2,77.8,2.6
2025-11-16,15:56,Field_043,22.92999,88.38778,165.8,37.7,163.3,6.63,0.61,25.9,29.3,83.7,1.3
2025-11-16,16:32,Field_019,22.96312,88.38452,238.5,17.7,101.7,6.61,0.49,32.2,31.2,57.5,2.7
2025-11-16,09:12,Field_029,22.92876,88.42392,181.3,28.1,135.8,6.75,0.41,17.7,27.1,85.2,2.9
2025-11-16,09:27,Field_042,22.95933,88.45564,126.0,11.0,112.4,6.97,0.66,29.3,30.1,86.0,1.5
2025-11-16,22:15,Field_030,22.95374,88.45967,143.7,26.7,162.7,7.06,0.46,32.0,30.6,62.4,1.8
2025-11-16,06:25,Field_042,22.87871,88.29415,192.1,10.8,173.2,7.58,0.33,33.7,37.3,65.3,2.9
2025-11-16,13:12,Field_033,22.85164,88.47952,161.5,28.6,81.9,6.7,0.33,22.4,28.5,75.7,2.2
2025-11-16,08:26,Field_003,22.95929,88.41685,243.4,24.8,126.2,6.69,0.56,30.8,33.6,79.0,1.9
2025-11-16,10:52,Field_025,22.89681,88.39852,126.7,27.6,155.7,7.36,0.37,34.6,23.6,71.0,2.2
2025-11-16,18:50,Field_043,22.95202,88.37287,228.5,25.8,141.9,7.26,0.57,33.8,29.3,68.6,2.0
2025-11-16,13:30,Field_035,22.88422,88.48828,170.1,24.0,182.4,6.96,0.77,35.2,16.2,81.8,3.0
2025-11-16,08:57,Field_027,22.97404,88.43295,141.7,32.9,146.6,6.98,0.64,41.7,27.3,65.1,3.7
2025-11-16,13:09,Field_016,22.98818,88.33839,163.7,16.3,182.7,6.53,0.42,41.1,26.7,74.2,2.8
2025-11-16,09:05,Field_018,23.00017,88.40933,212.9,13.4,124.4,6.59,0.31,33.8,22.7,66.3,1.9
2025-11-16,07:50,Field_045,22.99087,88.54759,199.7,22.3,68.9,7.28,0.4,27.5,32.7,65.3,2.4
2025-11-16,15:07,Field_047,22.99658,88.39544,208.7,18.3,152.9,6.57,0.53,38.5,32.1,75.7,2.7
2025-11-16,08:54,Field_009,22.9512,88.38014,172.9,25.6,110.5,7.15,0.57,31.2,32.6,69.0,2.9
2025-11-16,11:02,Field_037,22.97394,88.40911,181.3,18.6,132.8,6.71,0.62,25.7,24.0,78.2,2.2
2025-11-16,08:00,Field_031,23.01162,88.45866,147.7,29.4,163.0,7.25,0.53,37.2,37.2,68.4,2.5
2025-11-16,15:55,Field_029,23.02689,88.34043,203.2,24.2,141.2,7.39,0.47,33.0,33.4,80.3,1.8
2025-11-16,06:16,Field_030,22.86973,88.33893,218.6,34.1,183.4,7.62,0.67,34.6,31.1,70.7,2.3
2025-11-16,09:43,Field_044,22.90657,88.48369,115.5,27.9,164.2,7.33,0.5,24.5,35.5,65.5,3.4
2025-11-16,18:14,Field_020,22.99038,88.36396,166.5,14.4,159.3,7.36,0.62,31.0,22.9,90.6,2.0
2025-11-16,10:40,Field_032,23.02724,88.34836,158.8,28.2,161.6,6.52,0.53,36.8,20.0,69.1,1.6
2025-11-16,11:10,Field_005,22.91618,88.40921,144.4,34.2,180.7,7.0,0.89,45.5,29.6,80.7,3.3
2025-11-16,12:33,Field_045,22.93745,88.4699,226.5,18.2,185.9,7.21,0.52,28.9,22.3,57.8,1.4
2025-11-16,10:48,Field_034,22.92419,88.39579,182.8,34.3,188.2,6.76,0.51,36.8,27.1,77.1,3.0
2025-11-16,20:24,Field_048,22.96407,88.39384,147.3,30.6,206.0,6.43,0.69,27.2,30.9,63.8,2.3
2025-11-16,11:54,Field_012,23.02491,88.29602,118.8,27.9,141.1,6.92,0.49,44.1,23.9,79.3,2.5
2025-11-16,20:30,Field_008,22.9156,88.3847,156.8,32.2,136.7,6.48,0.44,12.8,25.5,70.4,2.4
2025-11-16,16:51,Field_029,22.85959,88.36775,233.2,28.5,141.0,6.56,0.76,32.6,28.0,75.4,2.5
2025-11-16,18:23,Field_046,23.00122,88.36643,136.5,26.7,113.2,6.79,0.59,30.0,39.6,69.3,2.9
2025-11-16,17:16,Field_021,22.91846,88.35833,213.2,15.2,109.0,6.97,0.57,35.5,27.8,66.4,2.9
2025-11-16,21:20,Field_024,22.97972,88.33856,167.0,34.6,98.2,7.59,0.39,37.1,26.1,58.6,2.2
2025-11-16,10:36,Field_004,23.00521,88.34125,128.1,14.7,163.7,6.76,0.36,27.8,31.5,76.8,3.1
2025-11-16,19:46,Field_027,22.94277,88.40963,199.6,15.5,131.4,7.01,0.67,30.7,27.5,71.4,3.1
2025-11-16,17:43,Field_032,22.96386,88.41183,205.8,34.1,127.5,6.37,0.47,45.1,36.2,74.3,2.2
2025-11-16,06:30,Field_009,22.96324,88.30959,170.7,31.6,124.9,6.66,0.69,29.5,28.9,67.9,2.5
2025-11-16,11:34,Field_001,22.95012,88.38417,171.6,18.9,148.8,6.54,0.27,33.3,28.1,64.3,1.7
2025-11-16,12:06,Field_028,22.93709,88.44979,203.5,32.0,101.3,6.96,0.83,23.8,37.0,87.5,2.9
2025-11-16,15:49,Field_037,23.02295,88.42598,174.4,35.1,128.8,6.61,0.39,36.4,28.1,76.3,2.9
2025-11-16,09:33,Field_025,23.00202,88.44062,178.3,13.5,98.1,6.29,0.53,28.0,27.1,71.7,3.6
2025-11-16,07:55,Field_033,22.95367,88.35433,129.2,30.6,113.1,6.76,0.76,35.1,31.0,56.2,2.9
